Month,Borough,Community District (CD),Borough Consultation Total SNAP Recipients,Borough Consultation Total SNAP Households,Borough Consultation Total Cash Assistance Recipients,Borough Consultation Total Cash Assistance Cases,Borough Consultation Total Medicaid Only Enrollees,Borough Consultation Total Medicaid Enrollees
09/01/2018,Bronx,B01,45575,23980,13357,6883,15229,38812
09/01/2018,Bronx,B02,22974,12277,7043,3476,7001,19231
09/01/2018,Bronx,B03,42384,22379,12901,6632,12512,34441
09/01/2018,Bronx,B04,59231,32012,16904,8323,21856,51012
09/01/2018,Bronx,B05,58005,30913,17268,8783,19378,47884
09/01/2018,Bronx,B06,39784,20964,14218,6801,11148,33520
09/01/2018,Bronx,B07,48003,26293,13064,6698,19347,43054
09/01/2018,Bronx,B08,16716,9851,3230,1678,8876,16919
09/01/2018,Bronx,B09,54113,29193,13743,6718,22259,48762
09/01/2018,Bronx,B10,17627,10637,3595,1866,9302,17799
09/01/2018,Bronx,B11,24271,13877,5708,3069,12857,25627
09/01/2018,Bronx,B12,37611,20363,12538,6186,16525,37643
09/01/2018,Brooklyn,K01,52715,20495,6632,2519,32525,47250
09/01/2018,Brooklyn,K02,13791,9070,2973,1904,6873,13308
09/01/2018,Brooklyn,K03,45971,24357,10083,5217,19812,38305
09/01/2018,Brooklyn,K04,26548,15640,4563,2478,14462,25036
09/01/2018,Brooklyn,K05,63518,35199,14169,7332,25539,51870
09/01/2018,Brooklyn,K06,9973,6431,1818,1091,5389,10067
09/01/2018,Brooklyn,K07,23563,13326,3210,1884,22773,31629
09/01/2018,Brooklyn,K08,21624,13495,5359,3139,10221,20137
09/01/2018,Brooklyn,K09,21469,12636,4052,2373,13465,21855
09/01/2018,Brooklyn,K10,17422,9843,1748,1163,16297,22843
09/01/2018,Brooklyn,K11,38010,21758,3176,1912,29835,44645
09/01/2018,Brooklyn,K12,63664,20755,10144,2490,45381,63581
09/01/2018,Brooklyn,K13,33044,21261,4735,2367,15232,32854
09/01/2018,Brooklyn,K14,33345,18925,4552,2611,22522,35344
09/01/2018,Brooklyn,K15,28852,17402,3117,1680,19502,32163
09/01/2018,Brooklyn,K16,36694,20127,11922,5800,11715,30234
09/01/2018,Brooklyn,K17,31305,19133,7497,4331,19399,32769
09/01/2018,Brooklyn,K18,28165,16579,5399,2884,18716,30532
09/01/2018,Manhattan,M01,2245,1762,685,553,1562,2995
09/01/2018,Manhattan,M02,3170,2481,288,266,2902,4313
09/01/2018,Manhattan,M03,37948,25250,6099,4078,23361,42738
09/01/2018,Manhattan,M04,11664,8750,2949,2143,6142,12871
09/01/2018,Manhattan,M05,4236,3255,3116,1737,1815,5857
09/01/2018,Manhattan,M06,4909,4200,1016,910,3288,5947
09/01/2018,Manhattan,M07,16486,12354,3578,2462,8682,17672
09/01/2018,Manhattan,M08,5626,4447,780,566,4902,8033
09/01/2018,Manhattan,M09,23051,14859,5070,3074,11424,22611
09/01/2018,Manhattan,M10,34404,21425,8762,5276,13404,30019
09/01/2018,Manhattan,M11,43308,26502,10043,5972,17665,39572
09/01/2018,Manhattan,M12,49147,32704,6400,4081,26580,48060
09/01/2018,Queens,Q01,22894,13500,3933,2224,20037,29791
09/01/2018,Queens,Q02,10997,6764,1498,1019,14690,19157
09/01/2018,Queens,Q03,26817,15130,2806,1715,30141,38613
09/01/2018,Queens,Q04,27631,15677,2620,1687,32130,41418
09/01/2018,Queens,Q05,19120,10848,1995,1265,16213,22459
09/01/2018,Queens,Q06,10223,7008,779,530,8454,12932
09/01/2018,Queens,Q07,26410,17168,3348,2309,33776,45759
09/01/2018,Queens,Q08,17920,10546,3108,1948,15889,23485
09/01/2018,Queens,Q09,22826,12718,3013,1828,18392,26431
09/01/2018,Queens,Q10,16276,9519,2585,1504,13513,19583
09/01/2018,Queens,Q11,6481,4333,694,495,9047,12095
09/01/2018,Queens,Q12,45153,26659,10161,5957,26548,44155
09/01/2018,Queens,Q13,19413,12250,3727,2362,15794,23794
09/01/2018,Queens,Q14,29212,15671,7976,3578,11839,26987
09/01/2018,Staten_Island,S01,38119,19881,11007,5086,18481,37499
09/01/2018,Staten_Island,S02,14114,8325,2297,1304,12031,18537
09/01/2018,Staten_Island,S03,9883,6229,1121,711,8549,12488
12/01/2018,Bronx,B01,43641,23307,13232,6816,14637,37817
12/01/2018,Bronx,B02,21554,11736,6705,3332,6780,18552
12/01/2018,Bronx,B03,40500,21814,12970,6663,12045,33823
12/01/2018,Bronx,B04,55973,30618,16763,8275,21125,49838
12/01/2018,Bronx,B05,54018,29318,16936,8606,18579,46476
12/01/2018,Bronx,B06,38141,20394,14007,6725,10821,32775
12/01/2018,Bronx,B07,44791,25235,12909,6638,18677,41983
12/01/2018,Bronx,B08,15859,9523,3200,1661,8636,16600
12/01/2018,Bronx,B09,51447,28001,13646,6658,21456,47609
12/01/2018,Bronx,B10,17421,10544,3653,1889,8995,17480
12/01/2018,Bronx,B11,23286,13534,5667,3031,12456,25039
12/01/2018,Bronx,B12,36510,19927,12372,6096,16008,36717
12/01/2018,Brooklyn,K01,50611,19968,6706,2494,31503,46146
12/01/2018,Brooklyn,K02,13105,8806,3008,1909,6648,13000
12/01/2018,Brooklyn,K03,43051,23061,9953,5114,19153,37314
12/01/2018,Brooklyn,K04,23790,14371,4404,2399,13922,24215
12/01/2018,Brooklyn,K05,61878,34785,14087,7277,24473,50351
12/01/2018,Brooklyn,K06,9752,6452,1803,1080,5188,9795
12/01/2018,Brooklyn,K07,21169,12330,3103,1825,21458,30111
12/01/2018,Brooklyn,K08,19932,12626,5077,2996,9936,19530
12/01/2018,Brooklyn,K09,20104,12156,3985,2323,13023,21333
12/01/2018,Brooklyn,K10,16550,9611,1790,1158,15555,22074
12/01/2018,Brooklyn,K11,35305,20694,3096,1892,28429,43031
12/01/2018,Brooklyn,K12,59507,19431,10040,2473,43360,61255
12/01/2018,Brooklyn,K13,31486,20837,4683,2343,14848,32285
12/01/2018,Brooklyn,K14,30466,17745,4311,2484,21705,34189
12/01/2018,Brooklyn,K15,27601,17010,3040,1658,18892,31380
12/01/2018,Brooklyn,K16,36343,20081,11997,5745,11297,29663
12/01/2018,Brooklyn,K17,29471,18464,7435,4332,18825,32023
12/01/2018,Brooklyn,K18,27371,16380,5349,2877,17949,29643
12/01/2018,Manhattan,M01,2091,1680,653,539,1538,2930
12/01/2018,Manhattan,M02,2937,2333,275,260,2817,4196
12/01/2018,Manhattan,M03,36068,24511,5871,3934,22811,41785
12/01/2018,Manhattan,M04,11529,8671,2863,2089,6038,12661
12/01/2018,Manhattan,M05,5707,3829,3155,1751,1814,5888
12/01/2018,Manhattan,M06,4983,4314,951,871,3274,5860
12/01/2018,Manhattan,M07,16080,12068,3431,2371,8637,17429
12/01/2018,Manhattan,M08,5490,4367,706,531,4849,7864
12/01/2018,Manhattan,M09,21830,14223,4888,2996,11163,22101
12/01/2018,Manhattan,M10,32765,20732,8648,5226,13073,29454
12/01/2018,Manhattan,M11,41649,25977,9770,5799,17240,38761
12/01/2018,Manhattan,M12,45582,30979,6195,3989,25776,46791
12/01/2018,Queens,Q01,21830,13067,3860,2182,19169,28804
12/01/2018,Queens,Q02,10534,6621,1651,1056,14091,18685
12/01/2018,Queens,Q03,23959,13722,2717,1661,28855,37214
12/01/2018,Queens,Q04,25154,14573,2574,1655,30536,39751
12/01/2018,Queens,Q05,17539,10258,1919,1225,15497,21651
12/01/2018,Queens,Q06,9871,6860,752,521,8091,12536
12/01/2018,Queens,Q07,25456,16689,3412,2316,32068,44061
12/01/2018,Queens,Q08,17087,10305,3125,1963,15201,22779
12/01/2018,Queens,Q09,21275,12212,2974,1806,17524,25473
12/01/2018,Queens,Q10,15609,9359,2443,1426,12946,18875
12/01/2018,Queens,Q11,6319,4312,707,507,8659,11692
12/01/2018,Queens,Q12,42784,25723,10005,5889,25437,42852
12/01/2018,Queens,Q13,18536,11837,3525,2270,15195,22987
12/01/2018,Queens,Q14,28537,15315,7844,3486,11413,26315
12/01/2018,Staten_Island,S01,36386,19289,10953,5085,17837,36633
12/01/2018,Staten_Island,S02,13799,8226,2327,1326,11730,18215
12/01/2018,Staten_Island,S03,9771,6233,1141,709,8324,12279
03/01/2019,Bronx,B01,43127,23086,13147,6789,14227,37376
03/01/2019,Bronx,B02,21203,11531,6704,3347,6607,18428
03/01/2019,Bronx,B03,40628,21829,12909,6606,11831,33692
03/01/2019,Bronx,B04,55067,30205,16539,8220,20513,49003
03/01/2019,Bronx,B05,53602,29021,16601,8401,18204,45855
03/01/2019,Bronx,B06,37803,20308,13834,6715,10605,32493
03/01/2019,Bronx,B07,44357,25149,12601,6540,18255,41320
03/01/2019,Bronx,B08,15705,9398,3131,1618,8481,16352
03/01/2019,Bronx,B09,50759,27846,13331,6594,20982,46869
03/01/2019,Bronx,B10,17192,10490,3621,1877,8777,17193
03/01/2019,Bronx,B11,23107,13461,5568,2999,12189,24649
03/01/2019,Bronx,B12,36142,19757,12215,6029,15687,36293
03/01/2019,Brooklyn,K01,50622,19950,6619,2482,30605,45093
03/01/2019,Brooklyn,K02,13107,8806,2911,1866,6563,12826
03/01/2019,Brooklyn,K03,42916,22991,9683,5020,18823,36799
03/01/2019,Brooklyn,K04,23579,14304,4376,2370,13497,23719
03/01/2019,Brooklyn,K05,61594,34850,13929,7234,24007,49825
03/01/2019,Brooklyn,K06,9712,6488,1862,1157,5099,9743
03/01/2019,Brooklyn,K07,20782,12182,3041,1826,20690,29192
03/01/2019,Brooklyn,K08,19772,12636,4984,2978,9744,19256
03/01/2019,Brooklyn,K09,19898,12076,3932,2333,12763,21021
03/01/2019,Brooklyn,K10,16441,9635,1791,1168,15016,21491
03/01/2019,Brooklyn,K11,34870,20563,2981,1818,27657,42009
03/01/2019,Brooklyn,K12,59370,19344,9770,2400,42093,59745
03/01/2019,Brooklyn,K13,31388,20782,4624,2296,14554,31794
03/01/2019,Brooklyn,K14,29935,17531,4289,2454,21219,33572
03/01/2019,Brooklyn,K15,27338,16964,3035,1684,18438,30790
03/01/2019,Brooklyn,K16,36292,20171,11689,5707,11076,29304
03/01/2019,Brooklyn,K17,29409,18576,7317,4298,18443,31529
03/01/2019,Brooklyn,K18,27326,16368,5287,2843,17638,29289
03/01/2019,Manhattan,M01,2178,1749,737,623,1516,2979
03/01/2019,Manhattan,M02,2853,2306,274,263,2757,4109
03/01/2019,Manhattan,M03,35791,24382,5915,3976,22281,41205
03/01/2019,Manhattan,M04,11565,8657,2922,2098,5977,12668
03/01/2019,Manhattan,M05,5561,3803,3151,1784,1801,5903
03/01/2019,Manhattan,M06,5011,4359,981,893,3291,5902
03/01/2019,Manhattan,M07,16007,12027,3440,2385,8486,17263
03/01/2019,Manhattan,M08,5384,4306,720,546,4782,7779
03/01/2019,Manhattan,M09,21433,14030,4790,2946,10955,21761
03/01/2019,Manhattan,M10,32129,20429,8359,5120,12839,28986
03/01/2019,Manhattan,M11,41032,25777,9590,5782,16945,38387
03/01/2019,Manhattan,M12,44388,30298,6031,3874,25004,45639
03/01/2019,Queens,Q01,21767,12980,3806,2169,18565,28110
03/01/2019,Queens,Q02,10552,6600,1663,1048,13670,18236
03/01/2019,Queens,Q03,23341,13405,2631,1635,28062,36228
03/01/2019,Queens,Q04,24662,14335,2467,1619,29606,38604
03/01/2019,Queens,Q05,17263,10144,1878,1201,15051,21069
03/01/2019,Queens,Q06,9883,6869,750,528,7918,12321
03/01/2019,Queens,Q07,25320,16651,3323,2280,31209,43013
03/01/2019,Queens,Q08,17063,10338,3088,1939,14896,22385
03/01/2019,Queens,Q09,20744,12013,2849,1755,16963,24697
03/01/2019,Queens,Q10,15396,9331,2502,1458,12528,18492
03/01/2019,Queens,Q11,6403,4351,715,514,8435,11441
03/01/2019,Queens,Q12,42290,25688,9787,5854,24908,42208
03/01/2019,Queens,Q13,18552,11933,3550,2321,14849,22641
03/01/2019,Queens,Q14,28643,15390,7767,3468,11194,26067
03/01/2019,Staten_Island,S01,35940,19122,11002,5122,17487,36216
03/01/2019,Staten_Island,S02,13728,8183,2330,1345,11504,17932
03/01/2019,Staten_Island,S03,9744,6233,1182,726,8175,12109
06/01/2019,Bronx,B01,42338,22839,12465,6620,14275,38422
06/01/2019,Bronx,B02,20737,11386,6330,3279,6447,18891
06/01/2019,Bronx,B03,39878,21657,12340,6462,12353,35477
06/01/2019,Bronx,B04,53554,29604,15439,7902,19349,48305
06/01/2019,Bronx,B05,51850,28291,15993,8201,16997,45337
06/01/2019,Bronx,B06,37212,20093,13071,6556,10376,33951
06/01/2019,Bronx,B07,43266,24741,12533,6614,16582,39853
06/01/2019,Bronx,B08,15289,9180,3089,1626,8669,16176
06/01/2019,Bronx,B09,49754,27386,13121,6617,20394,46276
06/01/2019,Bronx,B10,16979,10433,3569,1906,8984,17032
06/01/2019,Bronx,B11,22585,13222,5595,3015,11469,23481
06/01/2019,Bronx,B12,35595,19530,12288,6121,13104,34284
06/01/2019,Brooklyn,K01,49688,19692,6367,2435,33767,46880
06/01/2019,Brooklyn,K02,12707,8585,2948,1856,6567,13278
06/01/2019,Brooklyn,K03,42175,22689,9623,5056,18651,37926
06/01/2019,Brooklyn,K04,22898,13944,3895,2193,11194,21504
06/01/2019,Brooklyn,K05,60158,34349,13583,7111,23716,51739
06/01/2019,Brooklyn,K06,9682,6506,1835,1124,4934,9793
06/01/2019,Brooklyn,K07,20210,11920,2809,1693,20255,27627
06/01/2019,Brooklyn,K08,19179,12354,4892,2932,8370,18665
06/01/2019,Brooklyn,K09,19546,11936,3912,2335,10517,18736
06/01/2019,Brooklyn,K10,16134,9544,1835,1160,15836,21357
06/01/2019,Brooklyn,K11,34095,20231,3068,1821,30028,42872
06/01/2019,Brooklyn,K12,58535,19012,9470,2411,47004,62841
06/01/2019,Brooklyn,K13,30591,20465,4670,2387,15362,33339
06/01/2019,Brooklyn,K14,29212,17163,4255,2431,19361,31086
06/01/2019,Brooklyn,K15,26621,16639,2944,1630,19928,31871
06/01/2019,Brooklyn,K16,35639,19966,11108,5612,10913,31687
06/01/2019,Brooklyn,K17,28529,18165,7180,4256,13834,27404
06/01/2019,Brooklyn,K18,26792,16163,5054,2778,16124,27991
06/01/2019,Manhattan,M01,2184,1770,702,566,1491,2925
06/01/2019,Manhattan,M02,2775,2250,328,282,2568,3668
06/01/2019,Manhattan,M03,35305,24217,5926,3926,22977,40800
06/01/2019,Manhattan,M04,11315,8488,2818,2053,5735,12290
06/01/2019,Manhattan,M05,5308,3716,2333,1485,1615,6119
06/01/2019,Manhattan,M06,5011,4322,1092,908,2987,5594
06/01/2019,Manhattan,M07,15625,11779,3235,2250,8144,16757
06/01/2019,Manhattan,M08,5254,4192,769,563,4075,6758
06/01/2019,Manhattan,M09,20840,13742,4642,2904,9636,20305
06/01/2019,Manhattan,M10,30804,19758,8207,5066,11667,28164
06/01/2019,Manhattan,M11,40234,25354,9747,5937,16007,38025
06/01/2019,Manhattan,M12,43400,29730,6229,4044,23327,42525
06/01/2019,Queens,Q01,21293,12769,3881,2248,17046,25976
06/01/2019,Queens,Q02,10293,6477,1597,1049,12224,15812
06/01/2019,Queens,Q03,22617,13043,2561,1612,25143,31031
06/01/2019,Queens,Q04,24024,14010,2530,1653,27163,33814
06/01/2019,Queens,Q05,16965,9963,1907,1225,14789,19781
06/01/2019,Queens,Q06,9651,6761,760,537,8614,12531
06/01/2019,Queens,Q07,25006,16503,3441,2329,34057,43345
06/01/2019,Queens,Q08,16797,10221,2954,1874,15966,22836
06/01/2019,Queens,Q09,20207,11751,2827,1783,16333,23177
06/01/2019,Queens,Q10,15042,9126,2323,1394,11691,17171
06/01/2019,Queens,Q11,6333,4316,770,541,9617,11889
06/01/2019,Queens,Q12,41373,25288,9423,5686,23929,42045
06/01/2019,Queens,Q13,18224,11806,3495,2283,14088,21628
06/01/2019,Queens,Q14,27909,15139,7803,3564,12209,28629
06/01/2019,Staten_Island,S01,35062,18683,10578,5052,16375,36057
06/01/2019,Staten_Island,S02,13599,8129,2307,1329,11665,17718
06/01/2019,Staten_Island,S03,9624,6142,1228,755,8426,12056
09/01/2019,Bronx,B01,41969,22681,12404,6573,13854,37854
09/01/2019,Bronx,B02,20542,11318,6420,3293,6313,18641
09/01/2019,Bronx,B03,39456,21518,12194,6448,12025,35068
09/01/2019,Bronx,B04,52131,29095,15035,7793,18880,46989
09/01/2019,Bronx,B05,50652,27772,15917,8219,16395,44460
09/01/2019,Bronx,B06,36831,20036,13126,6560,9995,33440
09/01/2019,Bronx,B07,42511,24395,12494,6610,16276,39265
09/01/2019,Bronx,B08,15257,9177,3203,1679,8459,15893
09/01/2019,Bronx,B09,49052,27111,13186,6668,19969,45723
09/01/2019,Bronx,B10,16745,10288,3587,1895,8797,16833
09/01/2019,Bronx,B11,22349,13099,5503,2972,11171,23021
09/01/2019,Bronx,B12,35257,19366,12070,6029,12882,33902
09/01/2019,Brooklyn,K01,49470,19580,6552,2501,32588,45521
09/01/2019,Brooklyn,K02,12682,8554,2933,1850,6444,13076
09/01/2019,Brooklyn,K03,41664,22449,9485,5001,18056,37043
09/01/2019,Brooklyn,K04,22301,13700,3992,2229,10742,20814
09/01/2019,Brooklyn,K05,59488,34055,13684,7148,22932,50489
09/01/2019,Brooklyn,K06,9754,6511,1833,1143,4838,9690
09/01/2019,Brooklyn,K07,19654,11670,2744,1655,19111,26344
09/01/2019,Brooklyn,K08,18858,12226,4812,2888,8100,18194
09/01/2019,Brooklyn,K09,19295,11792,3838,2318,10299,18356
09/01/2019,Brooklyn,K10,15945,9491,1795,1165,15242,20712
09/01/2019,Brooklyn,K11,33279,19920,2954,1810,28736,41342
09/01/2019,Brooklyn,K12,58390,18865,9669,2417,45212,60870
09/01/2019,Brooklyn,K13,30178,20214,4792,2427,14958,32734
09/01/2019,Brooklyn,K14,28377,16880,4251,2444,18591,30015
09/01/2019,Brooklyn,K15,26162,16422,2905,1616,19289,30921
09/01/2019,Brooklyn,K16,35066,19827,11086,5566,10479,31040
09/01/2019,Brooklyn,K17,28160,18092,7251,4307,13540,27091
09/01/2019,Brooklyn,K18,26708,16132,5225,2825,15845,27676
09/01/2019,Manhattan,M01,2163,1757,673,564,1445,2865
09/01/2019,Manhattan,M02,2729,2218,296,274,2449,3515
09/01/2019,Manhattan,M03,35323,24279,5920,3970,21680,39318
09/01/2019,Manhattan,M04,11404,8557,2839,2103,5552,12105
09/01/2019,Manhattan,M05,5525,3765,2512,1523,1637,6136
09/01/2019,Manhattan,M06,4981,4305,952,846,2976,5443
09/01/2019,Manhattan,M07,15501,11673,3263,2313,7948,16392
09/01/2019,Manhattan,M08,5273,4203,704,547,4059,6673
09/01/2019,Manhattan,M09,20553,13569,4665,2917,9086,19580
09/01/2019,Manhattan,M10,30031,19299,7975,4984,10986,26868
09/01/2019,Manhattan,M11,39946,25173,9937,6019,15156,36892
09/01/2019,Manhattan,M12,42565,29289,6109,4036,22160,40977
09/01/2019,Queens,Q01,20911,12642,3832,2272,16501,25314
09/01/2019,Queens,Q02,10066,6364,1632,1071,11766,15365
09/01/2019,Queens,Q03,21923,12716,2558,1633,24159,30002
09/01/2019,Queens,Q04,23221,13626,2500,1647,26312,32822
09/01/2019,Queens,Q05,16601,9792,1805,1185,14310,19114
09/01/2019,Queens,Q06,9450,6680,741,533,8422,12249
09/01/2019,Queens,Q07,24753,16435,3426,2375,33192,42480
09/01/2019,Queens,Q08,16530,10122,2877,1855,15599,22369
09/01/2019,Queens,Q09,19604,11469,2850,1788,15852,22634
09/01/2019,Queens,Q10,14837,9019,2252,1361,11383,16791
09/01/2019,Queens,Q11,6427,4371,764,538,9342,11593
09/01/2019,Queens,Q12,40884,25104,9296,5630,23525,41575
09/01/2019,Queens,Q13,18259,11836,3559,2304,13860,21442
09/01/2019,Queens,Q14,27559,15003,7575,3475,11978,28144
09/01/2019,Staten_Island,S01,34943,18614,10651,4987,15949,35422
09/01/2019,Staten_Island,S02,13633,8100,2375,1341,11483,17547
09/01/2019,Staten_Island,S03,9591,6136,1231,744,8324,11956
12/01/2019,Bronx,B01,41728,22758,12552,6647,13236,37069
12/01/2019,Bronx,B02,20343,11299,6326,3266,5978,18183
12/01/2019,Bronx,B03,39004,21484,12206,6434,11463,34216
12/01/2019,Bronx,B04,51190,28742,14726,7600,17959,45593
12/01/2019,Bronx,B05,49830,27485,15522,8051,15748,43217
12/01/2019,Bronx,B06,36902,20086,13271,6631,9566,32901
12/01/2019,Bronx,B07,42103,24237,12231,6529,15569,38235
12/01/2019,Bronx,B08,15151,9150,3133,1647,8164,15570
12/01/2019,Bronx,B09,48932,27147,13153,6634,19269,44752
12/01/2019,Bronx,B10,16891,10396,3516,1858,8535,16473
12/01/2019,Bronx,B11,22177,13061,5406,2941,10785,22450
12/01/2019,Bronx,B12,34989,19265,12130,6060,12248,33104
12/01/2019,Brooklyn,K01,49148,19579,6433,2445,31808,44587
12/01/2019,Brooklyn,K02,12650,8588,2897,1828,6264,12781
12/01/2019,Brooklyn,K03,41282,22412,9440,4943,17364,36046
12/01/2019,Brooklyn,K04,22119,13720,3920,2179,10256,20217
12/01/2019,Brooklyn,K05,59297,34164,13756,7170,21929,49131
12/01/2019,Brooklyn,K06,9957,6601,1885,1155,4698,9576
12/01/2019,Brooklyn,K07,19437,11633,2791,1666,18134,25377
12/01/2019,Brooklyn,K08,18676,12199,4792,2888,7795,17618
12/01/2019,Brooklyn,K09,19106,11826,3818,2314,9854,17900
12/01/2019,Brooklyn,K10,15953,9536,1725,1126,14585,19984
12/01/2019,Brooklyn,K11,32613,19739,2844,1749,27572,40043
12/01/2019,Brooklyn,K12,57528,18780,9739,2423,43781,59256
12/01/2019,Brooklyn,K13,30142,20301,4796,2418,14469,32076
12/01/2019,Brooklyn,K14,28006,16818,4237,2463,17840,29217
12/01/2019,Brooklyn,K15,25827,16353,2865,1604,18658,30119
12/01/2019,Brooklyn,K16,35182,19931,11184,5584,10002,30288
12/01/2019,Brooklyn,K17,27917,18021,7101,4257,12860,26357
12/01/2019,Brooklyn,K18,26473,16136,5071,2770,15153,26806
12/01/2019,Manhattan,M01,2196,1789,691,575,1382,2855
12/01/2019,Manhattan,M02,2663,2175,279,275,2374,3412
12/01/2019,Manhattan,M03,34935,24025,5948,3962,20921,38518
12/01/2019,Manhattan,M04,11355,8541,2873,2133,5346,11799
12/01/2019,Manhattan,M05,5760,3856,2779,1640,1617,6446
12/01/2019,Manhattan,M06,4922,4251,925,813,2869,5351
12/01/2019,Manhattan,M07,15508,11621,3256,2308,7661,15998
12/01/2019,Manhattan,M08,5230,4175,742,569,3971,6548
12/01/2019,Manhattan,M09,20485,13541,4661,2898,8715,18998
12/01/2019,Manhattan,M10,29268,18987,7685,4804,10597,26134
12/01/2019,Manhattan,M11,39628,24927,9563,5734,14556,35894
12/01/2019,Manhattan,M12,41909,29027,6051,3989,21162,39789
12/01/2019,Queens,Q01,20858,12679,3885,2281,15958,24700
12/01/2019,Queens,Q02,9719,6223,1525,1033,11259,14825
12/01/2019,Queens,Q03,21352,12459,2379,1540,23130,28817
12/01/2019,Queens,Q04,22755,13432,2526,1636,25235,31689
12/01/2019,Queens,Q05,16369,9698,1850,1189,13695,18514
12/01/2019,Queens,Q06,9293,6656,716,523,8186,12005
12/01/2019,Queens,Q07,24785,16523,3446,2391,31873,41179
12/01/2019,Queens,Q08,16234,10019,2741,1768,15064,21694
12/01/2019,Queens,Q09,19386,11413,2904,1823,15129,21926
12/01/2019,Queens,Q10,14696,8975,2259,1356,10942,16359
12/01/2019,Queens,Q11,6486,4387,733,519,9051,11321
12/01/2019,Queens,Q12,40518,24947,9410,5566,22566,40352
12/01/2019,Queens,Q13,17978,11703,3343,2195,13412,20730
12/01/2019,Queens,Q14,27394,14948,7597,3484,11645,27644
12/01/2019,Staten_Island,S01,34626,18479,10758,4996,15313,34669
12/01/2019,Staten_Island,S02,13737,8189,2386,1333,11162,17269
12/01/2019,Staten_Island,S03,9560,6142,1241,769,8064,11705
03/01/2020,Bronx,B01,41545,22736,12225,6506,12776,36578
03/01/2020,Bronx,B02,20279,11294,6315,3261,5824,18013
03/01/2020,Bronx,B03,39250,21694,12307,6571,10940,33847
03/01/2020,Bronx,B04,50360,28414,14351,7430,17395,44758
03/01/2020,Bronx,B05,49525,27397,15135,7857,15202,42440
03/01/2020,Bronx,B06,36637,20047,13072,6508,9255,32402
03/01/2020,Bronx,B07,41865,24217,11967,6394,15165,37687
03/01/2020,Bronx,B08,15194,9190,3049,1633,7994,15372
03/01/2020,Bronx,B09,48708,27052,13132,6596,18749,44119
03/01/2020,Bronx,B10,16879,10411,3599,1878,8364,16437
03/01/2020,Bronx,B11,22136,13061,5483,2941,10492,22310
03/01/2020,Bronx,B12,34877,19262,11992,5972,11961,32830
03/01/2020,Brooklyn,K01,49022,19574,6486,2451,31021,43857
03/01/2020,Brooklyn,K02,12731,8649,2942,1883,6053,12676
03/01/2020,Brooklyn,K03,40998,22347,9214,4848,16817,35351
03/01/2020,Brooklyn,K04,21920,13739,3790,2156,9960,19797
03/01/2020,Brooklyn,K05,59085,34172,13451,7022,21379,48389
03/01/2020,Brooklyn,K06,9908,6592,1918,1206,4598,9437
03/01/2020,Brooklyn,K07,19136,11555,2735,1646,17427,24595
03/01/2020,Brooklyn,K08,18716,12293,4692,2882,7475,17290
03/01/2020,Brooklyn,K09,19137,11873,3753,2288,9568,17619
03/01/2020,Brooklyn,K10,15961,9573,1721,1101,14176,19614
03/01/2020,Brooklyn,K11,32328,19687,2774,1710,26809,39197
03/01/2020,Brooklyn,K12,57542,18790,9870,2448,42729,58275
03/01/2020,Brooklyn,K13,30029,20314,4762,2425,14239,31807
03/01/2020,Brooklyn,K14,27714,16800,4171,2438,17277,28597
03/01/2020,Brooklyn,K15,25811,16391,2862,1602,18199,29589
03/01/2020,Brooklyn,K16,35363,20091,11043,5571,9630,30042
03/01/2020,Brooklyn,K17,27712,17932,7031,4233,12465,25890
03/01/2020,Brooklyn,K18,26534,16181,4953,2699,14661,26291
03/01/2020,Manhattan,M01,2201,1795,673,569,1387,2807
03/01/2020,Manhattan,M02,2628,2146,284,269,2315,3334
03/01/2020,Manhattan,M03,34830,23982,6010,3982,20325,37838
03/01/2020,Manhattan,M04,11414,8584,2886,2128,5246,11742
03/01/2020,Manhattan,M05,5592,3857,2585,1630,1536,6113
03/01/2020,Manhattan,M06,4897,4224,992,888,2776,5297
03/01/2020,Manhattan,M07,15570,11645,3329,2365,7496,15884
03/01/2020,Manhattan,M08,5218,4164,729,560,3982,6516
03/01/2020,Manhattan,M09,20339,13475,4577,2875,8511,18787
03/01/2020,Manhattan,M10,28931,18788,7559,4786,10238,25666
03/01/2020,Manhattan,M11,39350,24851,9547,5744,14257,35508
03/01/2020,Manhattan,M12,41300,28799,5886,3913,20571,38982
03/01/2020,Queens,Q01,20896,12771,3836,2302,15495,24223
03/01/2020,Queens,Q02,9720,6212,1542,1048,10986,14559
03/01/2020,Queens,Q03,21029,12324,2418,1570,22366,28013
03/01/2020,Queens,Q04,22450,13300,2479,1626,24359,30719
03/01/2020,Queens,Q05,16273,9685,1831,1173,13318,18113
03/01/2020,Queens,Q06,9248,6653,689,501,8089,11889
03/01/2020,Queens,Q07,24845,16613,3558,2469,31390,40805
03/01/2020,Queens,Q08,16125,9969,2756,1770,14775,21457
03/01/2020,Queens,Q09,19214,11370,2832,1770,14832,21586
03/01/2020,Queens,Q10,14519,8898,2217,1334,10622,15959
03/01/2020,Queens,Q11,6524,4431,743,523,8896,11180
03/01/2020,Queens,Q12,40088,24661,9134,5417,21945,39638
03/01/2020,Queens,Q13,17835,11660,3228,2164,13041,20331
03/01/2020,Queens,Q14,27358,15004,7520,3490,11215,27190
03/01/2020,Staten_Island,S01,34592,18454,10700,4993,14931,34534
03/01/2020,Staten_Island,S02,13789,8187,2379,1316,11077,17276
03/01/2020,Staten_Island,S03,9553,6129,1302,792,7924,11610
06/01/2020,Bronx,B01,45637,24832,14005,7385,12695,38103
06/01/2020,Bronx,B02,22420,12426,6980,3601,5775,18608
06/01/2020,Bronx,B03,43317,23789,13841,7356,10762,35196
06/01/2020,Bronx,B04,56155,31479,16329,8439,17044,46426
06/01/2020,Bronx,B05,54815,30212,17083,8915,14869,44228
06/01/2020,Bronx,B06,39679,21713,14410,7226,9079,33648
06/01/2020,Bronx,B07,46703,26848,13556,7296,15035,39124
06/01/2020,Bronx,B08,17567,10506,3799,2016,7716,15877
06/01/2020,Bronx,B09,54171,29984,15247,7681,18361,46084
06/01/2020,Bronx,B10,19215,11713,4313,2296,8247,17140
06/01/2020,Bronx,B11,24988,14618,6488,3472,10295,23148
06/01/2020,Bronx,B12,38867,21459,13643,6880,11799,34294
06/01/2020,Brooklyn,K01,52201,21241,7432,3030,30640,44903
06/01/2020,Brooklyn,K02,14123,9614,3464,2229,5872,13118
06/01/2020,Brooklyn,K03,45155,24965,10778,5794,16611,36826
06/01/2020,Brooklyn,K04,24696,15570,4493,2622,9813,20449
06/01/2020,Brooklyn,K05,65389,37915,15338,8139,21154,50066
06/01/2020,Brooklyn,K06,11010,7289,2244,1432,4533,9876
06/01/2020,Brooklyn,K07,20917,12648,3131,1902,17081,24946
06/01/2020,Brooklyn,K08,20630,13608,5380,3334,7402,17907
06/01/2020,Brooklyn,K09,21313,13145,4296,2622,9494,18170
06/01/2020,Brooklyn,K10,17758,10583,2278,1387,13929,20196
06/01/2020,Brooklyn,K11,35284,21152,3466,2056,26381,39954
06/01/2020,Brooklyn,K12,61108,20089,10572,2727,42044,59166
06/01/2020,Brooklyn,K13,32014,21398,5500,2827,14037,32311
06/01/2020,Brooklyn,K14,30806,18449,4884,2842,17015,29198
06/01/2020,Brooklyn,K15,28044,17558,3450,1921,17823,30111
06/01/2020,Brooklyn,K16,38889,22149,12725,6452,9507,31414
06/01/2020,Brooklyn,K17,31527,20294,8277,4966,12307,27058
06/01/2020,Brooklyn,K18,30261,18310,5973,3291,14453,27258
06/01/2020,Manhattan,M01,2280,1807,669,543,1389,2790
06/01/2020,Manhattan,M02,2912,2362,366,343,2299,3450
06/01/2020,Manhattan,M03,37082,25467,6938,4648,20075,38720
06/01/2020,Manhattan,M04,12539,9382,3450,2560,5237,12251
06/01/2020,Manhattan,M05,6165,4171,2955,1833,1521,6392
06/01/2020,Manhattan,M06,5326,4568,1279,1154,2759,5578
06/01/2020,Manhattan,M07,16785,12440,3959,2809,7382,16385
06/01/2020,Manhattan,M08,5758,4515,980,751,4000,6832
06/01/2020,Manhattan,M09,22436,14766,5436,3412,8402,19508
06/01/2020,Manhattan,M10,31343,20295,8573,5415,10119,26480
06/01/2020,Manhattan,M11,42554,26742,10927,6617,14155,36765
06/01/2020,Manhattan,M12,45712,31442,7151,4757,20153,39916
06/01/2020,Queens,Q01,23598,14255,4714,2833,15307,25170
06/01/2020,Queens,Q02,11059,6956,2003,1266,10823,15007
06/01/2020,Queens,Q03,24106,13884,3055,1920,21817,28431
06/01/2020,Queens,Q04,25613,14884,3205,2017,23956,31371
06/01/2020,Queens,Q05,19173,11268,2529,1595,13130,18743
06/01/2020,Queens,Q06,10437,7238,988,677,8118,12327
06/01/2020,Queens,Q07,27266,17848,4305,2886,30867,41584
06/01/2020,Queens,Q08,18376,11043,3469,2118,14534,22105
06/01/2020,Queens,Q09,22539,13053,3850,2280,14570,22450
06/01/2020,Queens,Q10,16714,10036,2911,1704,10521,16597
06/01/2020,Queens,Q11,7279,4848,953,640,8767,11402
06/01/2020,Queens,Q12,45667,27581,11178,6559,21542,41392
06/01/2020,Queens,Q13,20743,13267,4405,2811,12867,21397
06/01/2020,Queens,Q14,29808,16209,8447,3940,11101,27862
06/01/2020,Staten_Island,S01,38088,20244,11752,5568,14711,35648
06/01/2020,Staten_Island,S02,15293,8931,2793,1546,10900,17727
06/01/2020,Staten_Island,S03,10946,6853,1687,1004,7843,12138
09/01/2020,Bronx,B01,47212,25740,14342,7624,12972,38327
09/01/2020,Bronx,B02,23150,12855,7185,3708,5902,18717
09/01/2020,Bronx,B03,45086,24750,14328,7647,10997,35403
09/01/2020,Bronx,B04,58248,32582,16751,8681,17417,46698
09/01/2020,Bronx,B05,56964,31471,17620,9251,15194,44488
09/01/2020,Bronx,B06,40944,22427,14718,7412,9277,33846
09/01/2020,Bronx,B07,48615,27942,13813,7474,15363,39354
09/01/2020,Bronx,B08,18344,10971,3892,2065,7884,15971
09/01/2020,Bronx,B09,56722,31336,15807,8008,18761,46355
09/01/2020,Bronx,B10,20119,12173,4462,2374,8427,17241
09/01/2020,Bronx,B11,26117,15220,6651,3565,10520,23284
09/01/2020,Bronx,B12,40805,22463,14214,7171,12057,34496
09/01/2020,Brooklyn,K01,53243,21872,7698,3142,31309,45167
09/01/2020,Brooklyn,K02,14517,9883,3559,2271,6000,13195
09/01/2020,Brooklyn,K03,46697,25904,11109,5992,16974,37043
09/01/2020,Brooklyn,K04,25812,16297,4691,2718,10027,20569
09/01/2020,Brooklyn,K05,67886,39365,15989,8523,21615,50361
09/01/2020,Brooklyn,K06,11464,7584,2412,1527,4632,9934
09/01/2020,Brooklyn,K07,21759,13160,3274,2025,17454,25093
09/01/2020,Brooklyn,K08,21157,14040,5577,3436,7564,18012
09/01/2020,Brooklyn,K09,22023,13644,4507,2779,9702,18277
09/01/2020,Brooklyn,K10,18480,10988,2343,1444,14233,20315
09/01/2020,Brooklyn,K11,36796,21874,3592,2133,26957,40189
09/01/2020,Brooklyn,K12,62525,20597,10955,2849,42962,59513
09/01/2020,Brooklyn,K13,32606,21761,5631,2906,14344,32501
09/01/2020,Brooklyn,K14,32143,19171,5124,2990,17386,29370
09/01/2020,Brooklyn,K15,28671,17944,3554,1984,18212,30289
09/01/2020,Brooklyn,K16,40015,22838,13014,6591,9715,31599
09/01/2020,Brooklyn,K17,32954,21224,8526,5144,12576,27217
09/01/2020,Brooklyn,K18,31455,19046,6162,3425,14768,27418
09/01/2020,Manhattan,M01,2276,1799,644,511,1419,2807
09/01/2020,Manhattan,M02,2994,2438,381,354,2349,3470
09/01/2020,Manhattan,M03,37879,26041,7219,4826,20513,38948
09/01/2020,Manhattan,M04,13035,9802,3509,2653,5352,12323
09/01/2020,Manhattan,M05,6159,4317,3021,1925,1554,6430
09/01/2020,Manhattan,M06,5550,4773,1364,1241,2820,5611
09/01/2020,Manhattan,M07,17310,12817,4176,2947,7543,16481
09/01/2020,Manhattan,M08,6009,4680,1049,788,4087,6872
09/01/2020,Manhattan,M09,23273,15315,5744,3616,8586,19622
09/01/2020,Manhattan,M10,32474,20991,8934,5672,10340,26636
09/01/2020,Manhattan,M11,43970,27654,11530,7004,14464,36981
09/01/2020,Manhattan,M12,47223,32431,7463,4972,20593,40150
09/01/2020,Queens,Q01,24865,14936,5009,3009,15641,25318
09/01/2020,Queens,Q02,11731,7355,2115,1338,11059,15095
09/01/2020,Queens,Q03,25576,14672,3207,2024,22293,28598
09/01/2020,Queens,Q04,27250,15787,3434,2154,24480,31555
09/01/2020,Queens,Q05,20237,11840,2603,1664,13417,18853
09/01/2020,Queens,Q06,10780,7395,1034,705,8296,12400
09/01/2020,Queens,Q07,28354,18494,4436,2983,31541,41830
09/01/2020,Queens,Q08,19237,11464,3505,2145,14851,22235
09/01/2020,Queens,Q09,23776,13674,3930,2333,14888,22582
09/01/2020,Queens,Q10,17636,10528,2966,1759,10751,16694
09/01/2020,Queens,Q11,7626,5033,974,659,8958,11469
09/01/2020,Queens,Q12,47792,28803,11497,6754,22012,41635
09/01/2020,Queens,Q13,22301,14059,4646,2951,13148,21522
09/01/2020,Queens,Q14,30889,16829,8782,4122,11343,28026
09/01/2020,Staten_Island,S01,39400,20918,12192,5725,15033,35858
09/01/2020,Staten_Island,S02,15810,9214,2847,1573,11138,17831
09/01/2020,Staten_Island,S03,11396,7091,1721,1027,8014,12209
12/01/2020,Bronx,B01,45563,24989,13868,7317,13703,38156
12/01/2020,Bronx,B02,22329,12438,7005,3577,6288,18619
12/01/2020,Bronx,B03,43446,23953,13859,7333,11775,35393
12/01/2020,Bronx,B04,55972,31491,15982,8184,18297,46101
12/01/2020,Bronx,B05,54750,30436,16787,8762,16055,44150
12/01/2020,Bronx,B06,39669,21738,14114,7086,9986,33576
12/01/2020,Bronx,B07,47059,27206,13322,7152,16092,39167
12/01/2020,Bronx,B08,17915,10761,3642,1933,8144,15930
12/01/2020,Bronx,B09,54999,30515,15314,7661,19626,46621
12/01/2020,Bronx,B10,19741,12008,4285,2275,8834,17419
12/01/2020,Bronx,B11,25471,14864,6352,3357,10845,23138
12/01/2020,Bronx,B12,39777,21969,13869,6930,12986,34966
12/01/2020,Brooklyn,K01,51257,21182,7578,3032,31044,44718
12/01/2020,Brooklyn,K02,13870,9515,3444,2173,6212,13114
12/01/2020,Brooklyn,K03,43981,24535,10543,5604,17434,36562
12/01/2020,Brooklyn,K04,24490,15670,4353,2521,10364,20395
12/01/2020,Brooklyn,K05,64642,37679,15258,8038,22708,50370
12/01/2020,Brooklyn,K06,11243,7401,2441,1521,4794,10101
12/01/2020,Brooklyn,K07,21162,12911,3145,1942,17234,24662
12/01/2020,Brooklyn,K08,19928,13254,5325,3230,7894,17819
12/01/2020,Brooklyn,K09,20863,13093,4268,2613,10070,18315
12/01/2020,Brooklyn,K10,18082,10778,2287,1413,14276,20262
12/01/2020,Brooklyn,K11,35835,21477,3401,2030,26795,39657
12/01/2020,Brooklyn,K12,59486,19831,10975,2798,42253,58659
12/01/2020,Brooklyn,K13,31600,21215,5438,2793,14601,32078
12/01/2020,Brooklyn,K14,31096,18663,4858,2833,17673,29339
12/01/2020,Brooklyn,K15,27676,17471,3315,1865,18203,29836
12/01/2020,Brooklyn,K16,37370,21604,12522,6327,10559,31394
12/01/2020,Brooklyn,K17,31428,20375,8093,4886,13467,27443
12/01/2020,Brooklyn,K18,29904,18219,5744,3180,15416,27517
12/01/2020,Manhattan,M01,2211,1709,602,470,1436,2758
12/01/2020,Manhattan,M02,2963,2407,384,351,2422,3525
12/01/2020,Manhattan,M03,36972,25354,7041,4614,20612,38580
12/01/2020,Manhattan,M04,12912,9703,3498,2655,5748,12594
12/01/2020,Manhattan,M05,6014,4257,2920,1903,1695,6445
12/01/2020,Manhattan,M06,5383,4582,1313,1187,2993,5749
12/01/2020,Manhattan,M07,16999,12550,4070,2865,7814,16566
12/01/2020,Manhattan,M08,5950,4637,1020,763,4223,6971
12/01/2020,Manhattan,M09,22386,14826,5354,3369,8881,19499
12/01/2020,Manhattan,M10,30998,20155,8446,5324,11043,26459
12/01/2020,Manhattan,M11,42630,26858,11302,6786,15056,36792
12/01/2020,Manhattan,M12,45845,31591,7227,4761,21270,40122
12/01/2020,Queens,Q01,24107,14563,4751,2828,16087,25708
12/01/2020,Queens,Q02,11522,7216,1983,1279,11228,15297
12/01/2020,Queens,Q03,24765,14250,3074,1955,22345,28765
12/01/2020,Queens,Q04,26564,15373,3311,2077,24569,31964
12/01/2020,Queens,Q05,19649,11574,2427,1549,13707,19112
12/01/2020,Queens,Q06,10659,7307,958,657,8417,12447
12/01/2020,Queens,Q07,27903,18278,4233,2869,31632,41912
12/01/2020,Queens,Q08,18747,11224,3216,1963,15102,22185
12/01/2020,Queens,Q09,23229,13415,3565,2162,15369,22851
12/01/2020,Queens,Q10,17104,10332,2731,1637,11047,16795
12/01/2020,Queens,Q11,7591,4996,929,625,9041,11551
12/01/2020,Queens,Q12,45928,27735,10800,6334,23270,42374
12/01/2020,Queens,Q13,21922,13756,4357,2770,13908,22465
12/01/2020,Queens,Q14,29379,16221,8508,3969,11989,28353
12/01/2020,Staten_Island,S01,38258,20359,11884,5502,15753,36071
12/01/2020,Staten_Island,S02,15478,9027,2692,1474,11445,17946
12/01/2020,Staten_Island,S03,11284,7013,1583,943,8224,12313
03/01/2021,Bronx,B01,46370,25389,13689,7243,14548,38670
03/01/2021,Bronx,B02,23080,12763,7103,3611,6777,19319
03/01/2021,Bronx,B03,44548,24520,13683,7262,12661,36044
03/01/2021,Bronx,B04,57383,32221,15665,8087,19361,46805
03/01/2021,Bronx,B05,55977,31101,16622,8616,16953,44858
03/01/2021,Bronx,B06,40500,22131,14100,7048,10777,34339
03/01/2021,Bronx,B07,48114,27742,12947,6982,16824,39660
03/01/2021,Bronx,B08,18337,10989,3672,1958,8324,16118
03/01/2021,Bronx,B09,56588,31320,15364,7685,20472,47516
03/01/2021,Bronx,B10,20358,12349,4305,2304,9180,17896
03/01/2021,Bronx,B11,26180,15219,6436,3384,11273,23623
03/01/2021,Bronx,B12,40884,22526,13820,6886,13847,35840
03/01/2021,Brooklyn,K01,52233,21536,7716,3043,31294,45395
03/01/2021,Brooklyn,K02,14337,9789,3551,2223,6429,13411
03/01/2021,Brooklyn,K03,45014,25102,10631,5670,18086,37191
03/01/2021,Brooklyn,K04,25096,16038,4538,2597,10815,20924
03/01/2021,Brooklyn,K05,66213,38486,15296,8020,24030,51592
03/01/2021,Brooklyn,K06,11626,7616,2509,1527,4957,10446
03/01/2021,Brooklyn,K07,21577,13243,3358,2129,17479,25120
03/01/2021,Brooklyn,K08,20524,13578,5289,3180,8358,18300
03/01/2021,Brooklyn,K09,21296,13315,4275,2646,10397,18696
03/01/2021,Brooklyn,K10,18515,11011,2344,1440,14469,20559
03/01/2021,Brooklyn,K11,36875,21909,3414,2044,27092,40153
03/01/2021,Brooklyn,K12,61787,20429,11185,2858,42806,59655
03/01/2021,Brooklyn,K13,31920,21324,5331,2704,14978,32252
03/01/2021,Brooklyn,K14,31951,19020,4926,2872,18029,29780
03/01/2021,Brooklyn,K15,28204,17657,3264,1835,18498,30171
03/01/2021,Brooklyn,K16,38928,22331,12549,6316,11330,32255
03/01/2021,Brooklyn,K17,32384,20974,8168,4953,14271,28299
03/01/2021,Brooklyn,K18,30444,18618,5766,3209,16048,28236
03/01/2021,Manhattan,M01,2219,1682,511,391,1471,2757
03/01/2021,Manhattan,M02,3035,2459,391,362,2441,3579
03/01/2021,Manhattan,M03,37580,25682,6925,4530,20978,39023
03/01/2021,Manhattan,M04,13424,10043,3585,2740,5981,13045
03/01/2021,Manhattan,M05,6031,4332,2771,1872,1758,6385
03/01/2021,Manhattan,M06,5469,4642,1309,1185,3060,5868
03/01/2021,Manhattan,M07,17394,12819,4225,2935,8070,17000
03/01/2021,Manhattan,M08,6105,4746,1078,811,4344,7188
03/01/2021,Manhattan,M09,23008,15169,5489,3403,9157,19878
03/01/2021,Manhattan,M10,31502,20380,8311,5235,11570,26906
03/01/2021,Manhattan,M11,43180,27126,11449,6784,15522,37374
03/01/2021,Manhattan,M12,46906,32133,7141,4680,21714,40587
03/01/2021,Queens,Q01,24993,15047,4657,2831,16473,26209
03/01/2021,Queens,Q02,11846,7379,1935,1243,11487,15580
03/01/2021,Queens,Q03,25330,14587,3062,1945,22840,29378
03/01/2021,Queens,Q04,27511,15867,3250,2048,25036,32568
03/01/2021,Queens,Q05,20180,11916,2362,1536,14044,19533
03/01/2021,Queens,Q06,10875,7405,944,650,8533,12638
03/01/2021,Queens,Q07,28863,18855,4310,2932,32043,42586
03/01/2021,Queens,Q08,19394,11499,3133,1912,15447,22625
03/01/2021,Queens,Q09,23940,13834,3671,2229,15757,23366
03/01/2021,Queens,Q10,17841,10712,2722,1632,11426,17259
03/01/2021,Queens,Q11,7868,5154,963,644,9162,11765
03/01/2021,Queens,Q12,47144,28382,10714,6288,24138,43261
03/01/2021,Queens,Q13,22504,14033,4350,2764,14392,22868
03/01/2021,Queens,Q14,30355,16584,8212,3849,12542,28733
03/01/2021,Staten_Island,S01,38964,20751,11700,5491,16545,36804
03/01/2021,Staten_Island,S02,15985,9256,2737,1513,11696,18321
03/01/2021,Staten_Island,S03,11368,7085,1612,968,8449,12600
06/01/2021,Bronx,B01,46929,25890,13327,7029,15110,38800
06/01/2021,Bronx,B02,23648,13182,6930,3505,7034,19522
06/01/2021,Bronx,B03,45183,25123,13189,7082,13101,35957
06/01/2021,Bronx,B04,58977,33266,15468,7996,19937,47077
06/01/2021,Bronx,B05,57058,31939,16239,8407,17577,45047
06/01/2021,Bronx,B06,41489,22800,13992,6969,11292,34621
06/01/2021,Bronx,B07,49393,28583,12880,6921,17414,39964
06/01/2021,Bronx,B08,19044,11462,3569,1915,8477,16231
06/01/2021,Bronx,B09,58219,32329,15327,7649,21169,47987
06/01/2021,Bronx,B10,21052,12827,4331,2326,9500,18111
06/01/2021,Bronx,B11,27054,15799,6407,3394,11618,23906
06/01/2021,Bronx,B12,42172,23355,13824,6898,14424,36305
06/01/2021,Brooklyn,K01,53124,22027,7608,2980,31665,45484
06/01/2021,Brooklyn,K02,14699,10120,3453,2179,6622,13488
06/01/2021,Brooklyn,K03,45996,25795,10538,5546,18560,37344
06/01/2021,Brooklyn,K04,25863,16595,4477,2552,11073,21066
06/01/2021,Brooklyn,K05,68216,39906,15404,8039,24776,52379
06/01/2021,Brooklyn,K06,11990,7877,2502,1495,5119,10600
06/01/2021,Brooklyn,K07,22458,13885,3406,2176,17583,25303
06/01/2021,Brooklyn,K08,21006,14027,5103,3069,8633,18347
06/01/2021,Brooklyn,K09,21943,13763,4236,2619,10663,18881
06/01/2021,Brooklyn,K10,19086,11418,2338,1444,14707,20699
06/01/2021,Brooklyn,K11,38109,22586,3429,2043,27288,40188
06/01/2021,Brooklyn,K12,63523,21127,11259,2872,43083,59866
06/01/2021,Brooklyn,K13,32430,21608,5295,2701,15280,32348
06/01/2021,Brooklyn,K14,32852,19547,4882,2845,18544,30070
06/01/2021,Brooklyn,K15,28918,18056,3274,1826,18750,30306
06/01/2021,Brooklyn,K16,39754,23090,12353,6259,11819,32577
06/01/2021,Brooklyn,K17,33645,21883,8139,4941,14887,28838
06/01/2021,Brooklyn,K18,31491,19360,5720,3176,16636,28474
06/01/2021,Manhattan,M01,2214,1673,484,361,1521,2725
06/01/2021,Manhattan,M02,3080,2509,376,351,2478,3589
06/01/2021,Manhattan,M03,38166,26167,6858,4493,21244,39026
06/01/2021,Manhattan,M04,13845,10457,3585,2745,6226,13339
06/01/2021,Manhattan,M05,5992,4460,2668,1853,1839,6378
06/01/2021,Manhattan,M06,5508,4705,1275,1147,3157,5926
06/01/2021,Manhattan,M07,17849,13164,4228,2954,8289,17260
06/01/2021,Manhattan,M08,6284,4902,1070,806,4487,7349
06/01/2021,Manhattan,M09,23451,15498,5365,3318,9373,19888
06/01/2021,Manhattan,M10,32100,20847,8144,5136,11935,27062
06/01/2021,Manhattan,M11,44290,27919,11365,6725,16006,37793
06/01/2021,Manhattan,M12,48472,33217,6994,4579,22109,40684
06/01/2021,Queens,Q01,25628,15606,4567,2788,16879,26401
06/01/2021,Queens,Q02,12135,7642,1925,1244,11710,15630
06/01/2021,Queens,Q03,26366,15219,2982,1902,23193,29563
06/01/2021,Queens,Q04,28731,16628,3293,2090,25445,32892
06/01/2021,Queens,Q05,21046,12452,2370,1536,14363,19655
06/01/2021,Queens,Q06,11190,7612,960,661,8701,12740
06/01/2021,Queens,Q07,30056,19665,4362,2975,32481,42986
06/01/2021,Queens,Q08,20012,11868,3183,1942,15708,22835
06/01/2021,Queens,Q09,24995,14435,3715,2247,16137,23688
06/01/2021,Queens,Q10,18519,11138,2662,1609,11752,17422
06/01/2021,Queens,Q11,8230,5352,996,664,9279,11901
06/01/2021,Queens,Q12,48369,29245,10784,6309,24905,43931
06/01/2021,Queens,Q13,23310,14577,4390,2777,14815,23226
06/01/2021,Queens,Q14,30902,17035,8001,3745,13116,28970
06/01/2021,Staten_Island,S01,39842,21361,11536,5372,17159,37180
06/01/2021,Staten_Island,S02,16473,9545,2711,1500,11943,18461
06/01/2021,Staten_Island,S03,11784,7321,1609,954,8607,12767
09/01/2021,Bronx,B01,45886,25219,12666,6661,15268,38196
09/01/2021,Bronx,B02,22894,12777,6797,3425,7075,19232
09/01/2021,Bronx,B03,43820,24360,12683,6804,13232,35317
09/01/2021,Bronx,B04,57144,32414,14697,7624,20058,46037
09/01/2021,Bronx,B05,55572,31063,15300,7956,17771,44013
09/01/2021,Bronx,B06,40506,22265,13523,6738,11561,34163
09/01/2021,Bronx,B07,48108,27865,12516,6716,17436,39209
09/01/2021,Bronx,B08,18512,11165,3480,1846,8458,15994
09/01/2021,Bronx,B09,56721,31566,14721,7344,21345,47279
09/01/2021,Bronx,B10,20830,12583,4262,2290,9523,17911
09/01/2021,Bronx,B11,26601,15551,6293,3328,11696,23596
09/01/2021,Bronx,B12,41311,22781,13595,6805,14638,35987
09/01/2021,Brooklyn,K01,51887,21226,7245,2744,30974,43986
09/01/2021,Brooklyn,K02,14234,9723,3379,2093,6612,13260
09/01/2021,Brooklyn,K03,44542,24700,10184,5295,18646,36690
09/01/2021,Brooklyn,K04,25032,15934,4184,2400,11012,20524
09/01/2021,Brooklyn,K05,65996,38331,14736,7598,24881,51213
09/01/2021,Brooklyn,K06,11574,7558,2469,1451,5123,10468
09/01/2021,Brooklyn,K07,22113,13618,3278,2084,17126,24531
09/01/2021,Brooklyn,K08,20038,13252,4843,2895,8846,18083
09/01/2021,Brooklyn,K09,21319,13217,4005,2451,10763,18579
09/01/2021,Brooklyn,K10,18663,11143,2329,1431,14412,20172
09/01/2021,Brooklyn,K11,37290,22173,3295,1981,26388,38694
09/01/2021,Brooklyn,K12,62060,20581,11128,2792,42002,58240
09/01/2021,Brooklyn,K13,31964,21230,5098,2557,15045,31698
09/01/2021,Brooklyn,K14,32033,19022,4699,2737,18265,29408
09/01/2021,Brooklyn,K15,28319,17676,3078,1716,18358,29435
09/01/2021,Brooklyn,K16,38217,22108,11993,6055,11963,32102
09/01/2021,Brooklyn,K17,32539,21021,7932,4760,15084,28643
09/01/2021,Brooklyn,K18,30279,18650,5485,3034,16586,28001
09/01/2021,Manhattan,M01,2163,1619,490,359,1526,2714
09/01/2021,Manhattan,M02,3001,2435,350,327,2463,3503
09/01/2021,Manhattan,M03,37595,25623,6698,4321,20919,38137
09/01/2021,Manhattan,M04,13471,10112,3521,2669,6379,13240
09/01/2021,Manhattan,M05,5314,4038,2263,1617,1928,5873
09/01/2021,Manhattan,M06,5315,4463,1200,1049,3244,5857
09/01/2021,Manhattan,M07,17466,12899,4187,2907,8392,17122
09/01/2021,Manhattan,M08,6254,4869,1109,834,4517,7318
09/01/2021,Manhattan,M09,22836,15030,5226,3195,9382,19561
09/01/2021,Manhattan,M10,31501,20336,7871,4954,12065,26762
09/01/2021,Manhattan,M11,43557,27261,11083,6527,16072,37410
09/01/2021,Manhattan,M12,47635,32561,6791,4397,22022,40035
09/01/2021,Queens,Q01,24694,15072,4315,2632,16691,25820
09/01/2021,Queens,Q02,11845,7478,1781,1165,11503,15175
09/01/2021,Queens,Q03,25675,14875,2863,1840,22859,28803
09/01/2021,Queens,Q04,27920,16289,3125,2011,25106,32060
09/01/2021,Queens,Q05,20312,12049,2349,1519,14207,19285
09/01/2021,Queens,Q06,11078,7534,920,652,8591,12454
09/01/2021,Queens,Q07,29813,19525,4263,2924,31862,41856
09/01/2021,Queens,Q08,19543,11596,2958,1836,15481,22213
09/01/2021,Queens,Q09,24344,14133,3569,2148,15998,23230
09/01/2021,Queens,Q10,17833,10767,2433,1480,11629,16905
09/01/2021,Queens,Q11,8079,5298,982,661,9142,11610
09/01/2021,Queens,Q12,46518,28034,10257,5887,25146,43283
09/01/2021,Queens,Q13,22468,14081,4174,2635,14839,22773
09/01/2021,Queens,Q14,30008,16427,7367,3408,13334,28408
09/01/2021,Staten_Island,S01,38889,20724,11216,5180,17299,36631
09/01/2021,Staten_Island,S02,16103,9312,2638,1454,11794,18023
09/01/2021,Staten_Island,S03,11504,7175,1585,937,8500,12485
12/01/2021,Bronx,B01,45322,25230,13630,7519,14482,38211
12/01/2021,Bronx,B02,22313,12601,6985,3772,6887,19314
12/01/2021,Bronx,B03,42991,24243,13176,7497,12773,35462
12/01/2021,Bronx,B04,56534,32465,15835,8626,18964,46044
12/01/2021,Bronx,B05,54623,31076,16277,8775,16861,43941
12/01/2021,Bronx,B06,40094,22138,14272,7570,11036,34397
12/01/2021,Bronx,B07,47712,27852,13280,7480,16634,39424
12/01/2021,Bronx,B08,18324,11148,3858,2191,8058,16024
12/01/2021,Bronx,B09,56309,31526,15614,8184,20583,47524
12/01/2021,Bronx,B10,20547,12541,4483,2434,9218,17937
12/01/2021,Bronx,B11,26169,15450,6658,3721,11251,23670
12/01/2021,Bronx,B12,40799,22731,14709,7704,14251,36895
12/01/2021,Brooklyn,K01,50412,20873,7771,2986,29206,43016
12/01/2021,Brooklyn,K02,14129,9688,3634,2289,6281,13246
12/01/2021,Brooklyn,K03,44052,24659,10864,5807,17764,36658
12/01/2021,Brooklyn,K04,24139,15543,4524,2532,10537,20419
12/01/2021,Brooklyn,K05,64357,37847,15672,8422,23733,51325
12/01/2021,Brooklyn,K06,11323,7493,2709,1530,4851,10397
12/01/2021,Brooklyn,K07,21617,13483,3375,2163,15717,23374
12/01/2021,Brooklyn,K08,19624,13116,5233,3099,8540,18075
12/01/2021,Brooklyn,K09,20934,13124,4237,2513,10388,18433
12/01/2021,Brooklyn,K10,18421,11157,2420,1612,13341,19324
12/01/2021,Brooklyn,K11,36864,22144,3428,2189,24351,37172
12/01/2021,Brooklyn,K12,60169,20236,11456,3029,39264,56183
12/01/2021,Brooklyn,K13,31716,21227,5577,3029,14321,31478
12/01/2021,Brooklyn,K14,30916,18579,4954,2927,17364,28908
12/01/2021,Brooklyn,K15,27949,17627,3387,1998,17096,28661
12/01/2021,Brooklyn,K16,37639,22048,12975,6756,11360,32451
12/01/2021,Brooklyn,K17,31875,20881,8548,5247,14694,28912
12/01/2021,Brooklyn,K18,29634,18431,5923,3232,15999,27992
12/01/2021,Manhattan,M01,2091,1594,455,252,1537,2663
12/01/2021,Manhattan,M02,3006,2443,387,286,2344,3413
12/01/2021,Manhattan,M03,37864,25959,7402,4194,19655,37738
12/01/2021,Manhattan,M04,13240,10065,3765,2529,6318,13370
12/01/2021,Manhattan,M05,4766,3789,2025,1132,1941,5433
12/01/2021,Manhattan,M06,5251,4401,1237,794,3264,5932
12/01/2021,Manhattan,M07,17484,12948,4711,2789,8193,17348
12/01/2021,Manhattan,M08,6301,4916,1292,856,4456,7465
12/01/2021,Manhattan,M09,22714,15033,5682,3107,9080,19687
12/01/2021,Manhattan,M10,31138,20312,8934,4937,11665,27281
12/01/2021,Manhattan,M11,43535,27496,12143,6415,15393,37793
12/01/2021,Manhattan,M12,47122,32586,7575,4372,21172,40098
12/01/2021,Queens,Q01,24203,14958,4909,2924,15722,25545
12/01/2021,Queens,Q02,11571,7402,1856,1218,10928,14777
12/01/2021,Queens,Q03,24456,14458,3053,1857,21710,28084
12/01/2021,Queens,Q04,26926,15957,3331,2137,23690,31096
12/01/2021,Queens,Q05,19639,11825,2726,1688,13448,19078
12/01/2021,Queens,Q06,10875,7504,1039,712,8223,12300
12/01/2021,Queens,Q07,29779,19689,4486,3265,29823,40433
12/01/2021,Queens,Q08,19254,11604,3336,2006,14545,21837
12/01/2021,Queens,Q09,23925,14079,4068,2442,14960,22883
12/01/2021,Queens,Q10,17327,10626,2639,1530,10974,16570
12/01/2021,Queens,Q11,8129,5366,1071,712,8588,11269
12/01/2021,Queens,Q12,45287,27573,11244,6275,24189,43519
12/01/2021,Queens,Q13,21898,14001,4764,2839,14232,22910
12/01/2021,Queens,Q14,29613,16367,8241,3973,12693,28558
12/01/2021,Staten_Island,S01,38647,20860,12155,5990,16384,36647
12/01/2021,Staten_Island,S02,16085,9416,2811,1630,11182,17744
12/01/2021,Staten_Island,S03,11566,7256,1722,1029,8109,12321
03/01/2022,Bronx,B01,46965,26195,14541,7749,13246,37451
03/01/2022,Bronx,B02,23261,13116,7370,3777,6374,18874
03/01/2022,Bronx,B03,44549,25041,14289,7710,11905,35241
03/01/2022,Bronx,B04,58323,33497,17053,8973,17520,45351
03/01/2022,Bronx,B05,56438,32088,17316,9150,15594,43225
03/01/2022,Bronx,B06,41318,22819,15058,7541,10218,34011
03/01/2022,Bronx,B07,49475,28878,14367,7801,15476,38995
03/01/2022,Bronx,B08,19012,11550,4254,2308,7648,15865
03/01/2022,Bronx,B09,58194,32513,16574,8312,19263,46801
03/01/2022,Bronx,B10,21170,12909,4824,2607,8942,17833
03/01/2022,Bronx,B11,27388,16068,7158,3857,10687,23486
03/01/2022,Bronx,B12,42168,23527,15455,7730,13448,36522
03/01/2022,Brooklyn,K01,52622,21765,8274,3319,27454,41652
03/01/2022,Brooklyn,K02,14518,10038,3866,2463,5814,12988
03/01/2022,Brooklyn,K03,45983,25747,11686,6281,16533,35989
03/01/2022,Brooklyn,K04,24917,16121,4909,2847,9907,19990
03/01/2022,Brooklyn,K05,67051,39450,17094,8941,22222,50635
03/01/2022,Brooklyn,K06,11498,7633,2876,1724,4537,10164
03/01/2022,Brooklyn,K07,22667,14172,3674,2335,14607,22407
03/01/2022,Brooklyn,K08,20513,13787,5700,3512,7984,17847
03/01/2022,Brooklyn,K09,21999,13828,4588,2874,9800,18102
03/01/2022,Brooklyn,K10,19358,11686,2589,1651,12394,18533
03/01/2022,Brooklyn,K11,38723,23043,3844,2292,22631,35617
03/01/2022,Brooklyn,K12,64109,21322,11954,3095,36396,53604
03/01/2022,Brooklyn,K13,32491,21815,6119,3178,13589,30924
03/01/2022,Brooklyn,K14,32250,19307,5461,3207,16461,28254
03/01/2022,Brooklyn,K15,29282,18318,3773,2092,15871,27598
03/01/2022,Brooklyn,K16,38784,22903,13988,7195,10461,32239
03/01/2022,Brooklyn,K17,33334,21941,9335,5681,14114,28928
03/01/2022,Brooklyn,K18,30942,19239,6540,3640,15342,27761
03/01/2022,Manhattan,M01,2042,1580,450,348,1532,2617
03/01/2022,Manhattan,M02,2998,2431,389,358,2204,3279
03/01/2022,Manhattan,M03,38547,26400,8033,5223,18187,36555
03/01/2022,Manhattan,M04,13219,10119,3785,2945,5928,12816
03/01/2022,Manhattan,M05,4538,3681,1829,1421,1853,5027
03/01/2022,Manhattan,M06,5457,4554,1340,1151,3163,5891
03/01/2022,Manhattan,M07,17892,13195,4955,3401,7907,17171
03/01/2022,Manhattan,M08,6525,5052,1409,1025,4313,7398
03/01/2022,Manhattan,M09,23346,15459,6068,3729,8536,19329
03/01/2022,Manhattan,M10,32042,20955,9764,6135,10711,26943
03/01/2022,Manhattan,M11,44589,28101,13206,7864,14275,37227
03/01/2022,Manhattan,M12,48689,33547,8413,5452,20054,39382
03/01/2022,Queens,Q01,24891,15357,5313,3158,14619,24714
03/01/2022,Queens,Q02,12064,7714,2075,1378,10303,14296
03/01/2022,Queens,Q03,25351,14949,3339,2113,20540,27056
03/01/2022,Queens,Q04,27841,16450,3448,2243,22633,30067
03/01/2022,Queens,Q05,20891,12504,3059,1928,12660,18700
03/01/2022,Queens,Q06,11385,7736,1115,770,7975,12098
03/01/2022,Queens,Q07,31217,20612,4869,3336,28289,39207
03/01/2022,Queens,Q08,20077,12046,3540,2114,13916,21310
03/01/2022,Queens,Q09,24925,14579,4400,2614,14360,22512
03/01/2022,Queens,Q10,17836,10951,2792,1706,10509,16113
03/01/2022,Queens,Q11,8499,5615,1155,760,8141,10905
03/01/2022,Queens,Q12,47481,28736,12136,6962,23217,43236
03/01/2022,Queens,Q13,22704,14483,5040,3127,13736,22618
03/01/2022,Queens,Q14,30458,16840,9062,4267,11975,28286
03/01/2022,Staten_Island,S01,39898,21537,12946,6084,15406,36128
03/01/2022,Staten_Island,S02,16719,9747,3016,1688,10625,17298
03/01/2022,Staten_Island,S03,12195,7622,1901,1134,7769,12080
06/01/2022,Bronx,B01,46470,25841,14981,7987,12213,36845
06/01/2022,Bronx,B02,23238,13062,7592,3863,5879,18493
06/01/2022,Bronx,B03,44295,24721,14738,7968,11022,34734
06/01/2022,Bronx,B04,57712,33075,17854,9437,16115,44520
06/01/2022,Bronx,B05,55698,31553,17959,9512,14354,42495
06/01/2022,Bronx,B06,40649,22517,15465,7832,9473,33593
06/01/2022,Bronx,B07,49183,28601,14837,8102,14358,38235
06/01/2022,Bronx,B08,18818,11375,4388,2381,7163,15503
06/01/2022,Bronx,B09,57669,32057,16845,8518,17995,45905
06/01/2022,Bronx,B10,21125,12782,4973,2683,8422,17441
06/01/2022,Bronx,B11,27163,15832,7380,3989,10070,23032
06/01/2022,Bronx,B12,41800,23156,15688,7882,12753,36004
06/01/2022,Brooklyn,K01,52052,21488,8470,3432,25566,40033
06/01/2022,Brooklyn,K02,14335,9820,3970,2558,5346,12661
06/01/2022,Brooklyn,K03,45566,25137,12044,6449,15440,35247
06/01/2022,Brooklyn,K04,24465,15720,4932,2844,9139,19200
06/01/2022,Brooklyn,K05,66269,38764,17570,9282,20633,49540
06/01/2022,Brooklyn,K06,11164,7365,2887,1707,4174,9888
06/01/2022,Brooklyn,K07,22882,14177,3913,2471,13306,21299
06/01/2022,Brooklyn,K08,20153,13454,5970,3689,7489,17523
06/01/2022,Brooklyn,K09,21626,13478,4808,3004,9259,17632
06/01/2022,Brooklyn,K10,19367,11615,2739,1734,11283,17597
06/01/2022,Brooklyn,K11,39133,23139,4082,2432,20561,33627
06/01/2022,Brooklyn,K12,64059,21281,12296,3241,33650,51041
06/01/2022,Brooklyn,K13,32661,21765,6445,3349,12851,30311
06/01/2022,Brooklyn,K14,32535,19281,5749,3380,15312,27315
06/01/2022,Brooklyn,K15,29478,18266,3871,2141,14523,26279
06/01/2022,Brooklyn,K16,38158,22416,14047,7298,9732,31687
06/01/2022,Brooklyn,K17,32973,21509,9628,5876,13509,28574
06/01/2022,Brooklyn,K18,30461,18820,6739,3777,14504,27122
06/01/2022,Manhattan,M01,1994,1539,410,317,1469,2497
06/01/2022,Manhattan,M02,2944,2372,401,366,2021,3074
06/01/2022,Manhattan,M03,38493,26291,8272,5380,16685,35077
06/01/2022,Manhattan,M04,13144,10041,3845,2997,5492,12326
06/01/2022,Manhattan,M05,4325,3555,1784,1422,1773,4805
06/01/2022,Manhattan,M06,5349,4480,1391,1203,3067,5811
06/01/2022,Manhattan,M07,17664,13000,5041,3476,7567,16831
06/01/2022,Manhattan,M08,6471,4945,1434,1016,4177,7256
06/01/2022,Manhattan,M09,23121,15171,6215,3862,7984,18890
06/01/2022,Manhattan,M10,31549,20507,9965,6279,9854,26261
06/01/2022,Manhattan,M11,44275,27773,13554,8068,13138,36366
06/01/2022,Manhattan,M12,48404,33154,8803,5738,18775,38210
06/01/2022,Queens,Q01,24825,15215,5363,3201,13504,23705
06/01/2022,Queens,Q02,11907,7608,2096,1415,9599,13612
06/01/2022,Queens,Q03,25249,14869,3371,2136,19055,25546
06/01/2022,Queens,Q04,28104,16543,3628,2347,21167,28760
06/01/2022,Queens,Q05,20884,12426,3345,2077,11828,18097
06/01/2022,Queens,Q06,11397,7732,1147,804,7553,11701
06/01/2022,Queens,Q07,31905,21028,5048,3470,26683,37729
06/01/2022,Queens,Q08,20187,12013,3571,2130,13111,20553
06/01/2022,Queens,Q09,24915,14449,4558,2700,13464,21743
06/01/2022,Queens,Q10,17918,10892,2995,1803,9924,15689
06/01/2022,Queens,Q11,8755,5733,1224,797,7661,10468
06/01/2022,Queens,Q12,47083,28232,12139,6969,22254,42452
06/01/2022,Queens,Q13,22294,14176,5006,3127,13145,22043
06/01/2022,Queens,Q14,30100,16517,9306,4377,11214,27789
06/01/2022,Staten_Island,S01,39760,21283,13153,6259,14362,35387
06/01/2022,Staten_Island,S02,16840,9730,3153,1752,9969,16716
06/01/2022,Staten_Island,S03,12360,7639,1962,1189,7344,11712
09/01/2022,Bronx,B01,45640,25511,15253,8140,11820,36780
09/01/2022,Bronx,B02,22883,12945,7566,3869,5740,18449
09/01/2022,Bronx,B03,44046,24688,15149,8126,10680,34879
09/01/2022,Bronx,B04,57356,33041,18310,9615,15567,44579
09/01/2022,Bronx,B05,55413,31556,18481,9809,13922,42870
09/01/2022,Bronx,B06,40438,22439,15859,7962,9235,33857
09/01/2022,Bronx,B07,49368,28787,15298,8305,14254,38893
09/01/2022,Bronx,B08,18820,11390,4441,2413,7098,15514
09/01/2022,Bronx,B09,56900,31803,17330,8772,17672,46111
09/01/2022,Bronx,B10,20962,12778,5106,2773,8409,17544
09/01/2022,Bronx,B11,27058,15766,7506,4054,10001,23228
09/01/2022,Bronx,B12,41733,23224,16022,8049,12622,36357
09/01/2022,Brooklyn,K01,51498,21220,8762,3596,24995,39802
09/01/2022,Brooklyn,K02,14125,9689,3973,2578,5202,12609
09/01/2022,Brooklyn,K03,44606,24578,12321,6554,15057,35280
09/01/2022,Brooklyn,K04,23967,15431,4866,2819,9010,19070
09/01/2022,Brooklyn,K05,65810,38506,17918,9545,19890,49405
09/01/2022,Brooklyn,K06,10827,7148,2944,1721,4018,9721
09/01/2022,Brooklyn,K07,22841,14168,4023,2536,12866,20990
09/01/2022,Brooklyn,K08,19622,13133,6165,3924,7275,17488
09/01/2022,Brooklyn,K09,21440,13373,4854,2999,9100,17598
09/01/2022,Brooklyn,K10,19324,11665,2804,1777,10964,17405
09/01/2022,Brooklyn,K11,39946,23612,4377,2593,19972,33500
09/01/2022,Brooklyn,K12,63906,21367,12471,3301,33023,50762
09/01/2022,Brooklyn,K13,33305,22107,6820,3564,12650,30630
09/01/2022,Brooklyn,K14,32840,19469,5902,3456,15140,27493
09/01/2022,Brooklyn,K15,29929,18476,4099,2256,14336,26505
09/01/2022,Brooklyn,K16,37145,21909,14105,7394,9446,31743
09/01/2022,Brooklyn,K17,32532,21333,9764,5929,13416,28852
09/01/2022,Brooklyn,K18,30102,18710,6809,3815,14406,27207
09/01/2022,Manhattan,M01,1971,1531,428,327,1472,2509
09/01/2022,Manhattan,M02,2992,2391,430,376,1988,3074
09/01/2022,Manhattan,M03,38686,26374,8492,5498,16251,34881
09/01/2022,Manhattan,M04,13395,10082,4206,3101,5517,12760
09/01/2022,Manhattan,M05,4203,3471,1744,1392,1720,4649
09/01/2022,Manhattan,M06,5522,4589,1809,1497,3145,6264
09/01/2022,Manhattan,M07,17336,12774,4953,3438,7548,16753
09/01/2022,Manhattan,M08,6478,4977,1456,1045,4258,7361
09/01/2022,Manhattan,M09,23040,15173,6281,3895,7894,18988
09/01/2022,Manhattan,M10,31314,20385,10006,6322,9571,26193
09/01/2022,Manhattan,M11,43886,27588,13809,8313,12780,36366
09/01/2022,Manhattan,M12,48245,33155,8879,5748,18458,38161
09/01/2022,Queens,Q01,24756,15159,5555,3266,13326,23970
09/01/2022,Queens,Q02,11759,7588,2127,1442,9504,13637
09/01/2022,Queens,Q03,25191,14908,3360,2143,18743,25383
09/01/2022,Queens,Q04,28040,16646,3709,2392,20892,28765
09/01/2022,Queens,Q05,20830,12428,3343,2103,11699,18078
09/01/2022,Queens,Q06,11579,7834,1211,828,7558,11781
09/01/2022,Queens,Q07,32740,21600,5200,3578,26502,37820
09/01/2022,Queens,Q08,20494,12265,3627,2166,13025,20648
09/01/2022,Queens,Q09,24956,14508,4681,2778,13319,21814
09/01/2022,Queens,Q10,17900,10910,3092,1826,9790,15762
09/01/2022,Queens,Q11,9003,5875,1225,802,7608,10475
09/01/2022,Queens,Q12,47201,28392,12592,7166,22081,42948
09/01/2022,Queens,Q13,22212,14093,5119,3144,13124,22266
09/01/2022,Queens,Q14,29914,16504,9664,4543,10857,28059
09/01/2022,Staten_Island,S01,39719,21203,13308,6303,13991,35389
09/01/2022,Staten_Island,S02,17267,9995,3232,1822,9857,16854
09/01/2022,Staten_Island,S03,12474,7744,2127,1263,7336,11935
12/01/2022,Bronx,B01,46445,26134,15488,8241,11800,37311
12/01/2022,Bronx,B02,23422,13240,7884,4033,5772,18783
12/01/2022,Bronx,B03,44444,25105,15576,8370,10626,35250
12/01/2022,Bronx,B04,58250,33662,18671,9835,15716,45185
12/01/2022,Bronx,B05,56013,32027,19134,10112,14030,43588
12/01/2022,Bronx,B06,41128,22877,16420,8168,9338,34421
12/01/2022,Bronx,B07,49917,29100,15875,8559,14257,39435
12/01/2022,Bronx,B08,19124,11612,4634,2509,7192,15887
12/01/2022,Bronx,B09,57760,32349,17744,8932,17747,46584
12/01/2022,Bronx,B10,21290,13010,5193,2842,8580,17895
12/01/2022,Bronx,B11,27454,16096,7672,4145,10055,23535
12/01/2022,Bronx,B12,42761,23728,16786,8425,12784,37328
12/01/2022,Brooklyn,K01,51822,21392,8867,3683,24924,39869
12/01/2022,Brooklyn,K02,14218,9791,3972,2601,5177,12693
12/01/2022,Brooklyn,K03,45079,24714,12044,6381,15130,35288
12/01/2022,Brooklyn,K04,24171,15522,4780,2743,8966,18981
12/01/2022,Brooklyn,K05,66755,39112,17952,9547,19858,49736
12/01/2022,Brooklyn,K06,10766,7120,2823,1646,3968,9609
12/01/2022,Brooklyn,K07,23035,14230,3983,2488,12912,21080
12/01/2022,Brooklyn,K08,20005,13338,6397,4121,7312,17632
12/01/2022,Brooklyn,K09,21790,13555,4740,2929,9273,17786
12/01/2022,Brooklyn,K10,19733,11883,2833,1765,11036,17583
12/01/2022,Brooklyn,K11,41181,24216,4458,2630,20227,34039
12/01/2022,Brooklyn,K12,65401,21745,12600,3297,33223,51157
12/01/2022,Brooklyn,K13,34255,22626,7129,3702,12794,31234
12/01/2022,Brooklyn,K14,33901,19943,6027,3498,15267,27876
12/01/2022,Brooklyn,K15,31232,19148,4441,2420,14573,27167
12/01/2022,Brooklyn,K16,37538,22101,14146,7366,9490,31723
12/01/2022,Brooklyn,K17,33186,21725,9611,5805,13619,29144
12/01/2022,Brooklyn,K18,30590,19002,6841,3861,14570,27508
12/01/2022,Manhattan,M01,2025,1595,422,313,1463,2511
12/01/2022,Manhattan,M02,3010,2412,465,398,2028,3137
12/01/2022,Manhattan,M03,38800,26521,8374,5394,16205,35002
12/01/2022,Manhattan,M04,13519,10143,4563,3256,5528,13079
12/01/2022,Manhattan,M05,4361,3522,3963,2154,1950,6351
12/01/2022,Manhattan,M06,5653,4696,2264,1932,3250,6791
12/01/2022,Manhattan,M07,17222,12706,4890,3365,7688,16907
12/01/2022,Manhattan,M08,6535,5019,1459,1052,4387,7517
12/01/2022,Manhattan,M09,23014,15220,6253,3849,7863,18968
12/01/2022,Manhattan,M10,31560,20520,10159,6353,9580,26339
12/01/2022,Manhattan,M11,43752,27597,13916,8330,12857,36734
12/01/2022,Manhattan,M12,48657,33458,8993,5774,18695,38603
12/01/2022,Queens,Q01,25025,15323,5786,3288,13603,24475
12/01/2022,Queens,Q02,11702,7586,2003,1374,9654,13733
12/01/2022,Queens,Q03,25599,15096,3463,2147,18954,25720
12/01/2022,Queens,Q04,28395,16912,3576,2312,21043,28954
12/01/2022,Queens,Q05,20893,12491,3180,1996,11800,18169
12/01/2022,Queens,Q06,11912,7990,1263,846,7655,11987
12/01/2022,Queens,Q07,33616,22181,5157,3517,26825,38335
12/01/2022,Queens,Q08,20839,12555,3737,2234,13295,21080
12/01/2022,Queens,Q09,25344,14751,4628,2740,13612,22179
12/01/2022,Queens,Q10,18326,11169,3298,1885,9994,16164
12/01/2022,Queens,Q11,9243,6036,1233,808,7723,10615
12/01/2022,Queens,Q12,48453,29010,12910,7270,22637,44055
12/01/2022,Queens,Q13,22648,14327,5117,3132,13471,22744
12/01/2022,Queens,Q14,30351,16763,9947,4703,10990,28305
12/01/2022,Staten_Island,S01,39923,21430,13263,6275,14039,35565
12/01/2022,Staten_Island,S02,17783,10311,3520,1934,10078,17332
12/01/2022,Staten_Island,S03,13059,8073,2300,1340,7462,12276
03/01/2023,Bronx,B01,47852,27044,16167,8701,12140,38208
03/01/2023,Bronx,B02,23795,13544,8213,4229,5903,19215
03/01/2023,Bronx,B03,45613,25869,16051,8679,10865,35939
03/01/2023,Bronx,B04,59326,34526,19160,10204,16113,46133
03/01/2023,Bronx,B05,57265,32916,19593,10508,14577,44582
03/01/2023,Bronx,B06,41780,23341,16951,8477,9670,35229
03/01/2023,Bronx,B07,50687,29730,16202,8836,14578,40033
03/01/2023,Bronx,B08,19500,11923,4883,2675,7386,16329
03/01/2023,Bronx,B09,58939,33166,18255,9274,18225,47487
03/01/2023,Bronx,B10,22067,13455,5428,2969,8852,18493
03/01/2023,Bronx,B11,28177,16512,8070,4382,10354,24143
03/01/2023,Bronx,B12,43737,24481,17276,8777,13215,38249
03/01/2023,Brooklyn,K01,52621,21934,8868,3736,25123,40110
03/01/2023,Brooklyn,K02,14788,10218,4284,2806,5345,13028
03/01/2023,Brooklyn,K03,46414,25571,12436,6663,15537,35786
03/01/2023,Brooklyn,K04,24823,15994,5039,2902,9164,19278
03/01/2023,Brooklyn,K05,68706,40427,18648,10046,20410,50677
03/01/2023,Brooklyn,K06,11093,7354,3011,1755,4118,9887
03/01/2023,Brooklyn,K07,23768,14690,4102,2583,13116,21334
03/01/2023,Brooklyn,K08,20631,13789,6315,4010,7499,17737
03/01/2023,Brooklyn,K09,22557,14086,5005,3117,9573,18275
03/01/2023,Brooklyn,K10,20519,12376,3040,1887,11236,17991
03/01/2023,Brooklyn,K11,42588,24970,5050,2948,20529,34952
03/01/2023,Brooklyn,K12,68156,22541,13001,3497,33306,51580
03/01/2023,Brooklyn,K13,35393,23336,7797,4104,13094,32182
03/01/2023,Brooklyn,K14,35390,20696,6611,3861,15555,28684
03/01/2023,Brooklyn,K15,32869,19999,5075,2802,14852,28158
03/01/2023,Brooklyn,K16,38726,22934,14517,7606,9932,32521
03/01/2023,Brooklyn,K17,34737,22725,10202,6189,14180,29878
03/01/2023,Brooklyn,K18,32108,19887,7502,4223,15010,28512
03/01/2023,Manhattan,M01,2034,1557,529,393,1522,2623
03/01/2023,Manhattan,M02,3136,2500,721,507,2111,3441
03/01/2023,Manhattan,M03,39134,26833,8551,5513,16517,35423
03/01/2023,Manhattan,M04,13971,10474,4956,3470,5744,13576
03/01/2023,Manhattan,M05,4601,3689,5146,2616,2954,8201
03/01/2023,Manhattan,M06,5938,4988,2251,1927,3367,6701
03/01/2023,Manhattan,M07,17607,12995,5040,3489,7892,17128
03/01/2023,Manhattan,M08,6750,5206,1541,1121,4493,7678
03/01/2023,Manhattan,M09,23673,15706,6781,4206,8119,19473
03/01/2023,Manhattan,M10,32257,21109,10548,6732,9848,26921
03/01/2023,Manhattan,M11,44968,28413,14535,8831,13315,37471
03/01/2023,Manhattan,M12,49855,34371,9817,6328,19116,39547
03/01/2023,Queens,Q01,25903,15850,6222,3576,13975,25113
03/01/2023,Queens,Q02,12307,7995,2247,1540,9879,14116
03/01/2023,Queens,Q03,26477,15653,3720,2311,19229,26127
03/01/2023,Queens,Q04,29377,17492,3896,2483,21259,29316
03/01/2023,Queens,Q05,21597,12936,3349,2129,12130,18518
03/01/2023,Queens,Q06,12439,8271,1490,988,7853,12289
03/01/2023,Queens,Q07,34894,23134,5492,3732,27253,38874
03/01/2023,Queens,Q08,21612,12920,3920,2340,13548,21358
03/01/2023,Queens,Q09,26270,15245,4908,2910,13973,22649
03/01/2023,Queens,Q10,19036,11571,3486,2013,10198,16394
03/01/2023,Queens,Q11,9562,6251,1320,862,7884,10830
03/01/2023,Queens,Q12,50109,30098,13726,7762,23326,44976
03/01/2023,Queens,Q13,23430,14876,5423,3323,13771,23146
03/01/2023,Queens,Q14,31366,17378,10249,4871,11280,28854
03/01/2023,Staten_Island,S01,41354,22254,13748,6571,14403,36303
03/01/2023,Staten_Island,S02,18554,10695,3843,2106,10402,17892
03/01/2023,Staten_Island,S03,13658,8389,2585,1507,7675,12755
06/01/2023,Bronx,B01,46349,26183,16395,8813,12110,38690
06/01/2023,Bronx,B02,23412,13355,8543,4433,5835,19588
06/01/2023,Bronx,B03,44131,25100,16432,8892,10843,36566
06/01/2023,Bronx,B04,57563,33577,19410,10389,16169,46942
06/01/2023,Bronx,B05,55818,32133,20039,10788,14574,45383
06/01/2023,Bronx,B06,40514,22664,17068,8608,9753,35805
06/01/2023,Bronx,B07,49434,29006,16506,9047,14655,40834
06/01/2023,Bronx,B08,19110,11654,5063,2780,7472,16808
06/01/2023,Bronx,B09,57308,32269,18776,9578,18354,48591
06/01/2023,Bronx,B10,21561,13134,5628,3091,9028,18999
06/01/2023,Bronx,B11,27352,16054,8272,4487,10464,24691
06/01/2023,Bronx,B12,42472,23772,17670,8996,13442,39346
06/01/2023,Brooklyn,K01,50629,21067,8985,3783,25139,40632
06/01/2023,Brooklyn,K02,14245,9866,4478,2945,5430,13389
06/01/2023,Brooklyn,K03,44500,24558,12915,7005,15626,36545
06/01/2023,Brooklyn,K04,23924,15407,5421,3168,9117,19727
06/01/2023,Brooklyn,K05,66067,38835,19583,10435,20661,52318
06/01/2023,Brooklyn,K06,10636,7053,3203,1851,4114,10109
06/01/2023,Brooklyn,K07,23234,14356,4311,2697,13021,21656
06/01/2023,Brooklyn,K08,19663,13121,6286,3958,7551,18181
06/01/2023,Brooklyn,K09,21667,13540,5223,3267,9652,18707
06/01/2023,Brooklyn,K10,20142,12146,3280,2012,11381,18529
06/01/2023,Brooklyn,K11,42216,24592,5602,3234,20545,35929
06/01/2023,Brooklyn,K12,66205,21925,13292,3652,33135,52202
06/01/2023,Brooklyn,K13,34688,22838,8327,4385,13338,33182
06/01/2023,Brooklyn,K14,34506,20140,7186,4227,15691,29570
06/01/2023,Brooklyn,K15,32516,19669,5772,3139,15113,29201
06/01/2023,Brooklyn,K16,37277,22088,15137,8010,9979,33348
06/01/2023,Brooklyn,K17,33523,21921,10925,6633,14455,31115
06/01/2023,Brooklyn,K18,31258,19351,8105,4590,15245,29586
06/01/2023,Manhattan,M01,1983,1531,597,437,1586,2791
06/01/2023,Manhattan,M02,3049,2428,665,483,2142,3494
06/01/2023,Manhattan,M03,38308,26251,8451,5441,16719,35854
06/01/2023,Manhattan,M04,13714,10295,5038,3510,6046,14294
06/01/2023,Manhattan,M05,4601,3681,3908,2155,3403,8677
06/01/2023,Manhattan,M06,5844,4897,2007,1692,3569,7020
06/01/2023,Manhattan,M07,17071,12623,5079,3489,8118,17639
06/01/2023,Manhattan,M08,6558,5057,1637,1173,4599,7965
06/01/2023,Manhattan,M09,22928,15175,6899,4298,8114,19827
06/01/2023,Manhattan,M10,30934,20318,10720,6910,9943,27386
06/01/2023,Manhattan,M11,43279,27391,14615,8770,13551,38230
06/01/2023,Manhattan,M12,48545,33577,10224,6628,19392,40590
06/01/2023,Queens,Q01,25223,15489,6478,3723,14321,26053
06/01/2023,Queens,Q02,12130,7884,2356,1614,10061,14555
06/01/2023,Queens,Q03,25956,15386,3916,2445,19374,26810
06/01/2023,Queens,Q04,28813,17254,4065,2604,21352,29923
06/01/2023,Queens,Q05,21117,12671,3553,2246,12324,19100
06/01/2023,Queens,Q06,12470,8289,1638,1076,7986,12745
06/01/2023,Queens,Q07,34892,23199,5732,3869,27799,40236
06/01/2023,Queens,Q08,21376,12848,4240,2521,13806,22203
06/01/2023,Queens,Q09,25688,15009,5211,3089,14141,23277
06/01/2023,Queens,Q10,18570,11299,3569,2080,10401,17004
06/01/2023,Queens,Q11,9496,6235,1381,908,8066,11216
06/01/2023,Queens,Q12,49078,29531,14365,8115,23951,46881
06/01/2023,Queens,Q13,23052,14685,5737,3513,14130,24131
06/01/2023,Queens,Q14,30459,16879,10628,5066,11332,29651
06/01/2023,Staten_Island,S01,40347,21730,14209,6804,14442,37140
06/01/2023,Staten_Island,S02,18438,10631,4046,2237,10572,18616
06/01/2023,Staten_Island,S03,13390,8294,2680,1593,7812,13207
09/01/2023,Bronx,B01,44350,25234,16450,8913,1656,2885
09/01/2023,Bronx,B02,22793,13014,8582,4488,2229,3540
09/01/2023,Bronx,B03,42651,24380,16513,8966,17076,36134
09/01/2023,Bronx,B04,55705,32521,19897,10602,6479,14611
09/01/2023,Bronx,B05,53953,31173,20238,10864,4429,8457
09/01/2023,Bronx,B06,39474,22172,17419,8832,3746,7186
09/01/2023,Bronx,B07,47626,28113,16815,9248,8355,18063
09/01/2023,Bronx,B08,18617,11371,5131,2821,4765,8197
09/01/2023,Bronx,B09,55737,31418,19170,9751,8346,20162
09/01/2023,Bronx,B10,20954,12822,5856,3192,10079,27766
09/01/2023,Bronx,B11,26711,15745,8589,4717,13788,38868
09/01/2023,Bronx,B12,41305,23189,18173,9232,19942,41423
09/01/2023,Brooklyn,K01,49960,20677,8931,3758,12291,39010
09/01/2023,Brooklyn,K02,13877,9620,4459,2925,5990,19936
09/01/2023,Brooklyn,K03,43633,23790,12897,6992,11072,37045
09/01/2023,Brooklyn,K04,23002,14786,5329,3130,16470,47773
09/01/2023,Brooklyn,K05,64084,37762,19809,10510,14895,46120
09/01/2023,Brooklyn,K06,10327,6833,3202,1840,10000,36405
09/01/2023,Brooklyn,K07,22981,14179,4533,2826,15062,41646
09/01/2023,Brooklyn,K08,19135,12768,6454,4010,7696,17071
09/01/2023,Brooklyn,K09,21246,13208,5372,3341,18785,49536
09/01/2023,Brooklyn,K10,19833,11986,3432,2093,9378,19636
09/01/2023,Brooklyn,K11,41563,24172,5713,3259,10806,25326
09/01/2023,Brooklyn,K12,65458,21640,13197,3648,13846,40501
09/01/2023,Brooklyn,K13,34151,22404,8357,4363,25317,40908
09/01/2023,Brooklyn,K14,33911,19796,7537,4371,5605,13650
09/01/2023,Brooklyn,K15,32138,19380,5795,3110,16124,37093
09/01/2023,Brooklyn,K16,36451,21547,15277,8088,9284,20025
09/01/2023,Brooklyn,K17,32806,21412,11214,6740,21204,53401
09/01/2023,Brooklyn,K18,30555,18962,8279,4689,4242,10272
09/01/2023,Manhattan,M01,1920,1498,593,435,13191,22049
09/01/2023,Manhattan,M02,3028,2410,614,476,7749,18543
09/01/2023,Manhattan,M03,37031,25509,8250,5307,9889,19115
09/01/2023,Manhattan,M04,13156,9855,4807,3338,11625,18910
09/01/2023,Manhattan,M05,4577,3589,3335,1941,21044,36597
09/01/2023,Manhattan,M06,5675,4695,1926,1580,33385,52345
09/01/2023,Manhattan,M07,16669,12316,5210,3514,13837,33772
09/01/2023,Manhattan,M08,6403,4940,1711,1211,16164,30393
09/01/2023,Manhattan,M09,22013,14651,6898,4289,15536,29758
09/01/2023,Manhattan,M10,29696,19638,11004,7042,10297,33913
09/01/2023,Manhattan,M11,42093,26620,14988,8931,15012,32128
09/01/2023,Manhattan,M12,47360,32837,10489,6817,15869,30634
09/01/2023,Queens,Q01,24839,15260,7076,3963,14647,27048
09/01/2023,Queens,Q02,12011,7823,2587,1713,10305,15040
09/01/2023,Queens,Q03,25324,15090,4085,2524,19693,27334
09/01/2023,Queens,Q04,27962,16881,4313,2718,21676,30504
09/01/2023,Queens,Q05,20445,12328,3684,2293,12696,19644
09/01/2023,Queens,Q06,12333,8211,1855,1181,8276,13202
09/01/2023,Queens,Q07,34713,23144,6079,4053,28622,41349
09/01/2023,Queens,Q08,20945,12703,4377,2632,14217,22764
09/01/2023,Queens,Q09,24804,14581,5391,3194,14515,23843
09/01/2023,Queens,Q10,18267,11109,3937,2226,10770,17757
09/01/2023,Queens,Q11,9416,6190,1476,955,8372,11580
09/01/2023,Queens,Q12,47717,28818,15060,8452,24599,48216
09/01/2023,Queens,Q13,22470,14393,6121,3751,14653,25072
09/01/2023,Queens,Q14,29863,16532,10903,5204,11478,30275
09/01/2023,Staten_Island,S01,39613,21313,14603,6928,14703,37898
09/01/2023,Staten_Island,S02,18096,10468,4164,2282,10970,19213
09/01/2023,Staten_Island,S03,13101,8138,2761,1623,8121,13621
12/01/2023,Bronx,B01,44390,25258,16783,9042,1774,3063
12/01/2023,Bronx,B02,22771,13060,8755,4548,2334,3608
12/01/2023,Bronx,B03,42615,24484,16725,9137,17493,36149
12/01/2023,Bronx,B04,56021,32697,19973,10701,6820,15119
12/01/2023,Bronx,B05,53780,31178,20488,11026,4861,9361
12/01/2023,Bronx,B06,39608,22316,17687,9020,3923,7454
12/01/2023,Bronx,B07,47787,28258,17193,9371,8705,18520
12/01/2023,Bronx,B08,18718,11482,5222,2884,4996,8474
12/01/2023,Bronx,B09,56051,31560,19760,10014,8700,20456
12/01/2023,Bronx,B10,21273,12920,6084,3312,10442,28059
12/01/2023,Bronx,B11,26880,15834,8669,4752,14422,39205
12/01/2023,Bronx,B12,41803,23380,18679,9356,20683,42253
12/01/2023,Brooklyn,K01,50656,20862,8935,3773,12579,39591
12/01/2023,Brooklyn,K02,13751,9554,4460,2922,6236,20332
12/01/2023,Brooklyn,K03,43404,23629,12916,6988,11479,37828
12/01/2023,Brooklyn,K04,22813,14717,5473,3197,17119,48630
12/01/2023,Brooklyn,K05,64377,37987,20540,10936,15574,47064
12/01/2023,Brooklyn,K06,10074,6683,3081,1763,10482,37255
12/01/2023,Brooklyn,K07,22757,14076,4494,2813,15724,42730
12/01/2023,Brooklyn,K08,18952,12656,6427,4008,8004,17442
12/01/2023,Brooklyn,K09,21294,13288,5492,3416,19513,50761
12/01/2023,Brooklyn,K10,19926,12031,3470,2107,9848,20330
12/01/2023,Brooklyn,K11,41722,24229,5866,3323,11268,26103
12/01/2023,Brooklyn,K12,66188,21778,12863,3611,14771,41813
12/01/2023,Brooklyn,K13,34009,22345,8358,4384,25441,41096
12/01/2023,Brooklyn,K14,34107,19897,7706,4514,5816,13871
12/01/2023,Brooklyn,K15,32477,19437,5890,3136,16517,37621
12/01/2023,Brooklyn,K16,36117,21447,15388,8115,9519,20250
12/01/2023,Brooklyn,K17,33306,21588,11704,7004,21874,54608
12/01/2023,Brooklyn,K18,30484,19018,8466,4827,4408,10367
12/01/2023,Manhattan,M01,1986,1533,615,428,13334,22185
12/01/2023,Manhattan,M02,2984,2376,574,435,8025,18769
12/01/2023,Manhattan,M03,36829,25428,7945,5129,10185,19532
12/01/2023,Manhattan,M04,13148,9862,5019,3469,11934,19288
12/01/2023,Manhattan,M05,4878,3716,3636,2021,21447,37236
12/01/2023,Manhattan,M06,5842,4750,1979,1560,33591,52281
12/01/2023,Manhattan,M07,16901,12418,5384,3573,14244,34116
12/01/2023,Manhattan,M08,6346,4929,1719,1214,16734,31169
12/01/2023,Manhattan,M09,21909,14669,6834,4280,16211,30657
12/01/2023,Manhattan,M10,29989,19887,11034,7089,10792,34444
12/01/2023,Manhattan,M11,42024,26663,14826,8830,15728,33376
12/01/2023,Manhattan,M12,47352,32867,10501,6792,16585,31518
12/01/2023,Queens,Q01,25343,15478,7472,4076,15172,28217
12/01/2023,Queens,Q02,12124,7853,2743,1799,10590,15526
12/01/2023,Queens,Q03,25203,15103,4165,2564,20028,27782
12/01/2023,Queens,Q04,28260,17066,4306,2706,21893,30760
12/01/2023,Queens,Q05,20736,12456,3784,2315,13100,20181
12/01/2023,Queens,Q06,12649,8355,1963,1214,8585,13657
12/01/2023,Queens,Q07,35635,23715,6333,4218,29491,42535
12/01/2023,Queens,Q08,21460,12962,4546,2709,14717,23457
12/01/2023,Queens,Q09,25104,14702,5544,3248,15020,24530
12/01/2023,Queens,Q10,18450,11201,4010,2259,11261,18366
12/01/2023,Queens,Q11,9565,6317,1553,992,8702,11994
12/01/2023,Queens,Q12,49054,29490,15980,8857,25821,50450
12/01/2023,Queens,Q13,22768,14521,6403,3871,15303,26010
12/01/2023,Queens,Q14,30306,16717,11253,5348,11775,30854
12/01/2023,Staten_Island,S01,39526,21263,14864,7042,15281,38808
12/01/2023,Staten_Island,S02,18381,10576,4165,2304,11331,19658
12/01/2023,Staten_Island,S03,13463,8270,2855,1669,8475,14163
03/01/2024,Bronx,B01,45890,26184,17620,9542,2013,3338
03/01/2024,Bronx,B02,23387,13427,9132,4801,2392,3684
03/01/2024,Bronx,B03,44362,25530,17653,9728,18077,37005
03/01/2024,Bronx,B04,58346,34158,21064,11429,7277,15871
03/01/2024,Bronx,B05,56148,32580,21869,11870,5800,10863
03/01/2024,Bronx,B06,41142,23195,18565,9510,4204,7906
03/01/2024,Bronx,B07,49878,29463,18179,9960,9197,19284
03/01/2024,Bronx,B08,19428,11887,5538,3089,5241,8849
03/01/2024,Bronx,B09,57943,32664,20881,10660,9014,21141
03/01/2024,Bronx,B10,22001,13412,6525,3568,10819,28850
03/01/2024,Bronx,B11,28027,16457,9254,5063,15149,40611
03/01/2024,Bronx,B12,43779,24412,19847,9969,21441,43802
03/01/2024,Brooklyn,K01,52340,21474,9264,4044,13054,40850
03/01/2024,Brooklyn,K02,14283,9949,4723,3145,6450,20802
03/01/2024,Brooklyn,K03,45127,24434,13593,7441,12022,39253
03/01/2024,Brooklyn,K04,23271,15112,5699,3390,18033,50554
03/01/2024,Brooklyn,K05,66821,39461,21994,11778,16273,49014
03/01/2024,Brooklyn,K06,10338,6900,3298,1902,10983,38493
03/01/2024,Brooklyn,K07,23509,14560,4834,3044,16491,44549
03/01/2024,Brooklyn,K08,19536,13107,6778,4260,8573,18359
03/01/2024,Brooklyn,K09,22210,13890,5929,3732,20199,52570
03/01/2024,Brooklyn,K10,20444,12357,3758,2276,10225,21193
03/01/2024,Brooklyn,K11,42858,24795,6340,3523,11769,27166
03/01/2024,Brooklyn,K12,69110,22590,13208,3806,15654,43816
03/01/2024,Brooklyn,K13,34671,22791,8703,4584,25760,41795
03/01/2024,Brooklyn,K14,35435,20668,8416,5019,6171,14410
03/01/2024,Brooklyn,K15,33211,19796,6334,3352,17120,38767
03/01/2024,Brooklyn,K16,37379,22251,16261,8679,9899,20784
03/01/2024,Brooklyn,K17,34771,22559,13043,7821,22742,56768
03/01/2024,Brooklyn,K18,32006,19942,9466,5450,4692,10793
03/01/2024,Manhattan,M01,2085,1587,694,461,13641,22844
03/01/2024,Manhattan,M02,3042,2427,605,467,8460,19484
03/01/2024,Manhattan,M03,37666,26100,8411,5505,10589,20341
03/01/2024,Manhattan,M04,13670,10265,5387,3665,12215,19885
03/01/2024,Manhattan,M05,5309,4034,4329,2353,22132,38513
03/01/2024,Manhattan,M06,6172,4932,2192,1692,34055,53252
03/01/2024,Manhattan,M07,17371,12776,5719,3825,14924,35186
03/01/2024,Manhattan,M08,6523,5071,1881,1327,17464,32621
03/01/2024,Manhattan,M09,22780,15221,7450,4718,17081,31971
03/01/2024,Manhattan,M10,31111,20643,11720,7580,11352,35787
03/01/2024,Manhattan,M11,43198,27490,15840,9508,16521,35361
03/01/2024,Manhattan,M12,48765,33832,11534,7436,17450,33205
03/01/2024,Queens,Q01,26392,16114,8188,4496,15842,29547
03/01/2024,Queens,Q02,12757,8260,3113,2035,10970,16263
03/01/2024,Queens,Q03,26259,15727,4670,2832,20654,28903
03/01/2024,Queens,Q04,29190,17665,4787,2971,22292,31676
03/01/2024,Queens,Q05,21395,12885,3990,2481,13528,20896
03/01/2024,Queens,Q06,13284,8659,2232,1370,8934,14368
03/01/2024,Queens,Q07,36907,24605,6823,4587,30520,44174
03/01/2024,Queens,Q08,22319,13426,4998,2993,15249,24509
03/01/2024,Queens,Q09,26072,15298,6036,3539,15448,25441
03/01/2024,Queens,Q10,19048,11631,4419,2493,11772,19323
03/01/2024,Queens,Q11,9973,6573,1725,1102,9127,12663
03/01/2024,Queens,Q12,51570,30972,18024,9996,27399,53912
03/01/2024,Queens,Q13,23788,15173,7118,4319,16000,27463
03/01/2024,Queens,Q14,31383,17312,12175,5853,12445,32311
03/01/2024,Staten_Island,S01,41073,22061,15714,7518,15994,40338
03/01/2024,Staten_Island,S02,19012,10885,4495,2482,11808,20536
03/01/2024,Staten_Island,S03,13984,8613,3147,1840,8886,14968
06/01/2024,Bronx,B01,46270,26453,18127,9831,1981,3439
06/01/2024,Bronx,B02,23546,13510,9444,4935,2290,3607
06/01/2024,Bronx,B03,44823,25979,18319,10165,17344,36410
06/01/2024,Bronx,B04,58984,34730,22023,12045,6961,15801
06/01/2024,Bronx,B05,56790,33130,22520,12352,5442,11205
06/01/2024,Bronx,B06,41298,23417,19087,9830,4053,8099
06/01/2024,Bronx,B07,50373,29843,18862,10366,8962,19049
06/01/2024,Bronx,B08,19637,12096,5858,3300,5165,8846
06/01/2024,Bronx,B09,58666,33183,21693,11096,8483,20857
06/01/2024,Bronx,B10,22245,13610,6735,3710,10074,28391
06/01/2024,Bronx,B11,28260,16606,9685,5302,14020,39926
06/01/2024,Bronx,B12,44436,24860,20583,10405,20532,43191
06/01/2024,Brooklyn,K01,52724,21750,9512,4244,11724,40015
06/01/2024,Brooklyn,K02,14351,10090,4864,3267,5842,20469
06/01/2024,Brooklyn,K03,45252,24602,13809,7622,10988,38790
06/01/2024,Brooklyn,K04,23484,15351,5843,3495,16660,49932
06/01/2024,Brooklyn,K05,67544,40047,23050,12364,14805,48261
06/01/2024,Brooklyn,K06,10366,6938,3517,2033,9843,37852
06/01/2024,Brooklyn,K07,23921,14891,5109,3206,15110,43686
06/01/2024,Brooklyn,K08,19715,13330,7049,4515,8203,18266
06/01/2024,Brooklyn,K09,22373,14054,6215,3933,18506,51910
06/01/2024,Brooklyn,K10,20563,12483,3903,2383,9644,20858
06/01/2024,Brooklyn,K11,43213,25023,6589,3609,10918,26684
06/01/2024,Brooklyn,K12,69384,22809,13261,3878,14412,43210
06/01/2024,Brooklyn,K13,34717,22898,8835,4657,20785,37022
06/01/2024,Brooklyn,K14,35767,21056,8877,5301,5900,14234
06/01/2024,Brooklyn,K15,33478,19974,6652,3486,14679,36409
06/01/2024,Brooklyn,K16,37870,22554,16873,8986,8622,19624
06/01/2024,Brooklyn,K17,35610,23209,13895,8294,21162,55975
06/01/2024,Brooklyn,K18,32748,20490,10082,5845,4405,10686
06/01/2024,Manhattan,M01,2132,1625,843,514,11899,21382
06/01/2024,Manhattan,M02,3071,2458,659,497,7824,19070
06/01/2024,Manhattan,M03,37757,26239,8608,5645,9678,19618
06/01/2024,Manhattan,M04,13964,10535,5591,3849,11145,18973
06/01/2024,Manhattan,M05,5632,4275,4906,2651,20179,36739
06/01/2024,Manhattan,M06,6716,5252,2576,1909,27136,46460
06/01/2024,Manhattan,M07,17325,12889,5764,3887,14102,34435
06/01/2024,Manhattan,M08,6643,5147,1971,1402,15776,31361
06/01/2024,Manhattan,M09,23024,15453,7756,4917,15889,31041
06/01/2024,Manhattan,M10,31333,20913,12071,7810,10303,35278
06/01/2024,Manhattan,M11,43417,27725,16462,9900,15481,35087
06/01/2024,Manhattan,M12,49064,34164,12040,7793,16335,32712
06/01/2024,Queens,Q01,26721,16400,8640,4767,14778,28844
06/01/2024,Queens,Q02,13051,8482,3290,2145,9943,15449
06/01/2024,Queens,Q03,26596,16015,4948,3000,17854,26473
06/01/2024,Queens,Q04,29574,17962,4964,3080,19125,28669
06/01/2024,Queens,Q05,21569,13124,4261,2665,12284,19892
06/01/2024,Queens,Q06,13525,8839,2451,1477,8627,14310
06/01/2024,Queens,Q07,37696,25159,7138,4815,29249,43284
06/01/2024,Queens,Q08,22691,13702,5203,3110,14510,24001
06/01/2024,Queens,Q09,26492,15581,6406,3732,14221,24551
06/01/2024,Queens,Q10,19319,11824,4783,2678,11126,19028
06/01/2024,Queens,Q11,10199,6725,1885,1201,8921,12616
06/01/2024,Queens,Q12,52892,31719,19374,10731,25884,53919
06/01/2024,Queens,Q13,24097,15430,7427,4547,15315,26908
06/01/2024,Queens,Q14,31786,17595,12586,6103,11588,31849
06/01/2024,Staten_Island,S01,41413,22398,16193,7828,30405,63686
06/01/2024,Staten_Island,S02,19353,11080,4642,2571,2065,6769
06/01/2024,Staten_Island,S03,14145,8716,3261,1903,1573,3443
